h1,h2,h3,h4,h5,h6,h7,h8,h9,h10,h11,h12,h13,h14,h15,h16,h17,h18,h19,h20,h21,h22,h23,h24,fecha
75.0,94.0,1387.0,4247.0,3744.0,3724.0,3700.0,3680.0,105.0,78.0,208.0,201.0,168.0,207.0,93.0,64.0,75.0,95.0,59.0,129.0,464.0,610.0,133.0,898.0,2020-01-01
212.0,76.0,83.0,98.0,65.0,82.0,127.0,66.0,80.0,100.0,66.0,360.0,693.0,641.0,517.0,888.0,2878.0,81.0,114.0,252.0,260.0,452.0,291.0,3816.0,2020-01-02
3728.0,3678.0,3682.0,3710.0,3717.0,3725.0,3637.0,3605.0,136.0,231.0,977.0,645.0,199.0,94.0,172.0,408.0,685.0,304.0,165.0,104.0,784.0,572.0,255.0,2398.0,2020-01-03
1069.0,475.0,501.0,509.0,104.0,83.0,522.0,508.0,466.0,480.0,551.0,435.0,489.0,126.0,100.0,76.0,70.0,86.0,100.0,59.0,223.0,349.0,250.0,142.0,2020-01-04
55.0,3656.0,3637.0,3665.0,3668.0,3639.0,2128.0,112.0,96.0,167.0,267.0,251.0,199.0,78.0,76.0,60.0,84.0,84.0,55.0,85.0,54.0,85.0,69.0,117.0,2020-01-05
86.0,3743.0,3699.0,3692.0,3698.0,2950.0,497.0,56.0,145.0,169.0,198.0,208.0,135.0,85.0,67.0,76.0,91.0,56.0,80.0,87.0,55.0,152.0,142.0,147.0,2020-01-06
104.0,112.0,70.0,89.0,103.0,66.0,87.0,81.0,150.0,704.0,1712.0,337.0,279.0,64.0,357.0,282.0,229.0,101.0,172.0,178.0,697.0,206.0,114.0,98.0,2020-01-07
102.0,108.0,71.0,98.0,106.0,89.0,136.0,217.0,189.0,106.0,74.0,90.0,99.0,65.0,166.0,83.0,115.0,83.0,97.0,137.0,302.0,199.0,117.0,71.0,2020-01-08
83.0,276.0,910.0,571.0,81.0,81.0,83.0,324.0,185.0,81.0,90.0,85.0,72.0,91.0,98.0,70.0,90.0,127.0,87.0,940.0,1225.0,554.0,170.0,571.0,2020-01-09
512.0,513.0,489.0,431.0,73.0,92.0,70.0,411.0,429.0,97.0,769.0,386.0,349.0,71.0,77.0,75.0,86.0,82.0,154.0,184.0,1071.0,268.0,113.0,79.0,2020-01-10
80.0,105.0,72.0,82.0,76.0,81.0,72.0,76.0,170.0,263.0,217.0,258.0,145.0,459.0,493.0,505.0,499.0,481.0,256.0,92.0,104.0,68.0,85.0,103.0,2020-01-11
3196.0,3751.0,3714.0,3714.0,3693.0,3660.0,3610.0,3634.0,3708.0,2467.0,79.0,96.0,66.0,80.0,95.0,62.0,80.0,99.0,63.0,826.0,431.0,644.0,521.0,493.0,2020-01-12
502.0,3977.0,3652.0,3650.0,2839.0,498.0,290.0,1228.0,1044.0,824.0,116.0,187.0,76.0,84.0,98.0,61.0,81.0,94.0,68.0,130.0,194.0,284.0,487.0,166.0,2020-01-13
241.0,3778.0,3765.0,3748.0,3712.0,3697.0,3704.0,250.0,186.0,112.0,119.0,110.0,82.0,112.0,100.0,114.0,80.0,107.0,106.0,173.0,357.0,1269.0,297.0,287.0,2020-01-14
1198.0,1027.0,541.0,523.0,515.0,138.0,171.0,296.0,225.0,116.0,102.0,83.0,83.0,77.0,96.0,96.0,63.0,117.0,190.0,256.0,255.0,923.0,444.0,256.0,2020-01-15
122.0,139.0,125.0,143.0,119.0,123.0,124.0,346.0,692.0,2015.0,586.0,672.0,134.0,93.0,113.0,124.0,125.0,145.0,156.0,191.0,251.0,239.0,164.0,979.0,2020-01-16
193.0,3707.0,3736.0,4072.0,4150.0,4130.0,2132.0,604.0,370.0,133.0,113.0,111.0,114.0,126.0,113.0,108.0,109.0,129.0,117.0,157.0,179.0,353.0,334.0,205.0,2020-01-17
174.0,134.0,118.0,133.0,125.0,101.0,115.0,128.0,142.0,808.0,330.0,706.0,692.0,556.0,553.0,159.0,134.0,101.0,1051.0,1641.0,0.0,0.0,1527.0,269.0,2020-01-18
508.0,4141.0,4115.0,4060.0,4067.0,3833.0,3660.0,115.0,173.0,281.0,1427.0,390.0,86.0,224.0,523.0,466.0,490.0,505.0,365.0,89.0,173.0,527.0,213.0,107.0,2020-01-19
122.0,3706.0,3685.0,3719.0,3786.0,3762.0,3410.0,335.0,240.0,127.0,115.0,157.0,190.0,117.0,112.0,93.0,146.0,126.0,97.0,445.0,193.0,204.0,160.0,175.0,2020-01-20
128.0,3736.0,3778.0,3749.0,3742.0,3725.0,2102.0,214.0,214.0,147.0,138.0,109.0,120.0,134.0,99.0,119.0,123.0,91.0,116.0,197.0,536.0,373.0,560.0,215.0,2020-01-21
600.0,557.0,533.0,507.0,519.0,199.0,228.0,685.0,285.0,102.0,115.0,113.0,93.0,113.0,126.0,93.0,112.0,163.0,235.0,235.0,319.0,223.0,107.0,105.0,2020-01-22
77.0,71.0,88.0,92.0,69.0,84.0,81.0,834.0,1383.0,1465.0,614.0,597.0,251.0,115.0,108.0,109.0,109.0,118.0,135.0,232.0,350.0,316.0,100.0,112.0,2020-01-23
85.0,3689.0,3684.0,3697.0,3666.0,3686.0,2971.0,218.0,160.0,98.0,80.0,101.0,111.0,84.0,97.0,103.0,161.0,162.0,180.0,189.0,177.0,245.0,284.0,188.0,2020-01-24
89.0,104.0,105.0,114.0,80.0,94.0,113.0,87.0,167.0,253.0,767.0,249.0,613.0,2345.0,1074.0,1596.0,597.0,413.0,105.0,945.0,3438.0,797.0,272.0,188.0,2020-01-25
700.0,4142.0,4101.0,4086.0,3687.0,3708.0,3669.0,3665.0,3668.0,2092.0,470.0,419.0,578.0,633.0,1684.0,569.0,416.0,380.0,615.0,736.0,1041.0,1946.0,1143.0,546.0,2020-01-26
500.0,508.0,522.0,496.0,584.0,551.0,522.0,149.0,568.0,705.0,651.0,672.0,416.0,98.0,485.0,227.0,93.0,250.0,272.0,147.0,1276.0,391.0,135.0,94.0,2020-01-27
97.0,100.0,151.0,86.0,98.0,100.0,118.0,214.0,248.0,140.0,185.0,187.0,255.0,230.0,437.0,262.0,183.0,153.0,171.0,251.0,252.0,257.0,156.0,104.0,2020-01-28
69.0,82.0,96.0,95.0,63.0,78.0,94.0,164.0,1246.0,677.0,117.0,79.0,99.0,113.0,103.0,90.0,93.0,183.0,233.0,210.0,827.0,178.0,126.0,112.0,2020-01-29
133.0,123.0,96.0,108.0,135.0,111.0,113.0,137.0,194.0,808.0,1192.0,206.0,142.0,189.0,506.0,245.0,116.0,188.0,165.0,325.0,376.0,386.0,224.0,161.0,2020-01-30
141.0,3725.0,3730.0,3746.0,3738.0,3755.0,3675.0,214.0,292.0,135.0,60.0,113.0,68.0,98.0,98.0,63.0,117.0,160.0,234.0,151.0,79.0,151.0,267.0,178.0,2020-01-31
124.0,143.0,101.0,126.0,135.0,94.0,125.0,130.0,111.0,223.0,264.0,321.0,208.0,91.0,99.0,126.0,1933.0,3663.0,4056.0,4084.0,2907.0,111.0,100.0,78.0,2020-02-01
98.0,3726.0,3674.0,3712.0,3725.0,3334.0,634.0,99.0,103.0,172.0,964.0,266.0,599.0,507.0,549.0,701.0,494.0,476.0,488.0,523.0,451.0,931.0,328.0,534.0,2020-02-02
525.0,536.0,578.0,515.0,177.0,151.0,183.0,455.0,689.0,1512.0,512.0,254.0,199.0,71.0,100.0,79.0,65.0,97.0,102.0,149.0,333.0,313.0,129.0,140.0,2020-02-03
132.0,111.0,132.0,125.0,126.0,170.0,137.0,133.0,241.0,105.0,95.0,68.0,82.0,99.0,97.0,65.0,81.0,101.0,85.0,400.0,396.0,173.0,100.0,102.0,2020-02-04
81.0,81.0,139.0,125.0,101.0,107.0,155.0,218.0,207.0,71.0,72.0,99.0,93.0,63.0,76.0,94.0,90.0,101.0,196.0,115.0,130.0,290.0,150.0,573.0,2020-02-05
368.0,62.0,91.0,99.0,61.0,82.0,141.0,691.0,406.0,1963.0,1740.0,536.0,122.0,77.0,91.0,96.0,61.0,77.0,93.0,80.0,303.0,301.0,235.0,155.0,2020-02-06
104.0,3675.0,3651.0,3666.0,3688.0,3697.0,3647.0,199.0,305.0,95.0,63.0,78.0,95.0,63.0,78.0,95.0,85.0,73.0,80.0,186.0,894.0,312.0,123.0,110.0,2020-02-07
98.0,90.0,124.0,108.0,77.0,110.0,111.0,122.0,108.0,348.0,69.0,87.0,105.0,94.0,113.0,204.0,221.0,117.0,81.0,95.0,88.0,72.0,205.0,177.0,2020-02-08
126.0,3685.0,3715.0,3698.0,3685.0,3690.0,1236.0,131.0,170.0,824.0,245.0,359.0,662.0,1069.0,1276.0,746.0,373.0,91.0,91.0,104.0,93.0,370.0,544.0,537.0,2020-02-09
548.0,104.0,98.0,113.0,87.0,111.0,103.0,727.0,306.0,1397.0,571.0,650.0,106.0,110.0,111.0,104.0,78.0,114.0,149.0,168.0,741.0,287.0,134.0,160.0,2020-02-10
142.0,103.0,162.0,114.0,135.0,144.0,127.0,169.0,362.0,171.0,112.0,130.0,145.0,115.0,111.0,143.0,119.0,107.0,140.0,247.0,925.0,314.0,146.0,82.0,2020-02-11
98.0,3675.0,3721.0,3735.0,3750.0,3712.0,3652.0,261.0,264.0,65.0,96.0,126.0,85.0,86.0,104.0,65.0,82.0,228.0,826.0,235.0,278.0,1319.0,1513.0,507.0,2020-02-12
530.0,2839.0,491.0,132.0,140.0,150.0,166.0,235.0,219.0,767.0,605.0,588.0,241.0,120.0,61.0,86.0,96.0,65.0,83.0,177.0,216.0,323.0,128.0,77.0,2020-02-13
123.0,86.0,86.0,125.0,82.0,94.0,111.0,224.0,198.0,140.0,80.0,102.0,107.0,63.0,87.0,105.0,62.0,86.0,134.0,139.0,260.0,243.0,72.0,85.0,2020-02-14
106.0,64.0,87.0,105.0,63.0,86.0,101.0,63.0,177.0,361.0,204.0,146.0,403.0,547.0,536.0,507.0,484.0,318.0,115.0,66.0,420.0,816.0,504.0,472.0,2020-02-15
489.0,239.0,107.0,87.0,74.0,113.0,68.0,88.0,186.0,424.0,610.0,194.0,278.0,533.0,486.0,456.0,508.0,394.0,82.0,226.0,773.0,472.0,533.0,515.0,2020-02-16
477.0,529.0,261.0,107.0,144.0,120.0,123.0,202.0,215.0,79.0,119.0,86.0,82.0,114.0,78.0,88.0,93.0,86.0,768.0,198.0,717.0,673.0,532.0,509.0,2020-02-17
461.0,491.0,197.0,101.0,101.0,107.0,509.0,582.0,655.0,535.0,626.0,116.0,262.0,91.0,84.0,80.0,96.0,61.0,90.0,188.0,990.0,172.0,104.0,110.0,2020-02-18
116.0,84.0,95.0,108.0,117.0,81.0,110.0,194.0,240.0,70.0,81.0,94.0,98.0,62.0,89.0,91.0,81.0,81.0,96.0,335.0,352.0,208.0,173.0,94.0,2020-02-19
102.0,85.0,76.0,111.0,71.0,83.0,105.0,114.0,341.0,75.0,79.0,106.0,61.0,90.0,105.0,62.0,88.0,100.0,71.0,133.0,263.0,76.0,121.0,106.0,2020-02-20
92.0,114.0,62.0,94.0,106.0,64.0,89.0,179.0,757.0,331.0,997.0,1081.0,555.0,476.0,505.0,421.0,80.0,162.0,181.0,106.0,104.0,64.0,91.0,96.0,2020-02-21
70.0,90.0,73.0,91.0,94.0,60.0,88.0,94.0,76.0,89.0,60.0,98.0,63.0,98.0,81.0,80.0,92.0,60.0,88.0,95.0,70.0,92.0,67.0,97.0,2020-02-22
94.0,61.0,89.0,84.0,86.0,90.0,61.0,96.0,74.0,88.0,94.0,60.0,87.0,76.0,84.0,97.0,66.0,88.0,74.0,638.0,222.0,297.0,505.0,501.0,2020-02-23
497.0,467.0,339.0,100.0,75.0,93.0,86.0,139.0,189.0,84.0,77.0,96.0,68.0,83.0,104.0,62.0,90.0,98.0,69.0,124.0,1511.0,384.0,122.0,73.0,2020-02-24
103.0,3682.0,3652.0,3649.0,3681.0,3653.0,3640.0,286.0,717.0,917.0,535.0,522.0,113.0,71.0,72.0,99.0,89.0,71.0,83.0,97.0,66.0,160.0,162.0,76.0,2020-02-25
78.0,3677.0,3663.0,2571.0,367.0,96.0,97.0,194.0,187.0,71.0,80.0,101.0,90.0,78.0,79.0,104.0,69.0,161.0,238.0,179.0,1150.0,286.0,148.0,120.0,2020-02-26
95.0,423.0,109.0,109.0,67.0,83.0,135.0,230.0,131.0,93.0,102.0,71.0,78.0,101.0,92.0,70.0,87.0,101.0,71.0,245.0,303.0,185.0,144.0,126.0,2020-02-27
67.0,77.0,96.0,76.0,75.0,85.0,95.0,79.0,105.0,558.0,433.0,91.0,107.0,72.0,77.0,86.0,92.0,66.0,77.0,226.0,261.0,321.0,267.0,109.0,2020-02-28
109.0,3687.0,3680.0,3661.0,3711.0,3356.0,644.0,127.0,265.0,270.0,185.0,133.0,153.0,102.0,87.0,95.0,111.0,73.0,77.0,102.0,94.0,70.0,291.0,187.0,2020-02-29
112.0,3644.0,3660.0,3714.0,3694.0,3667.0,3664.0,101.0,189.0,222.0,550.0,632.0,148.0,144.0,666.0,545.0,564.0,530.0,512.0,528.0,536.0,885.0,467.0,111.0,2020-03-01
110.0,109.0,72.0,90.0,106.0,64.0,132.0,136.0,102.0,613.0,131.0,225.0,87.0,80.0,94.0,71.0,78.0,104.0,125.0,174.0,401.0,164.0,156.0,98.0,2020-03-02
81.0,84.0,103.0,66.0,76.0,98.0,68.0,176.0,245.0,87.0,75.0,89.0,89.0,77.0,78.0,95.0,73.0,79.0,95.0,170.0,325.0,233.0,93.0,125.0,2020-03-03
115.0,104.0,99.0,98.0,123.0,112.0,153.0,108.0,230.0,93.0,61.0,86.0,103.0,75.0,73.0,101.0,93.0,69.0,157.0,131.0,705.0,317.0,140.0,105.0,2020-03-04
100.0,3670.0,3707.0,3711.0,3715.0,3688.0,1263.0,224.0,217.0,435.0,486.0,536.0,98.0,76.0,79.0,98.0,64.0,80.0,98.0,81.0,1348.0,282.0,172.0,164.0,2020-03-05
123.0,84.0,87.0,112.0,87.0,89.0,143.0,219.0,140.0,91.0,97.0,65.0,83.0,95.0,77.0,84.0,81.0,95.0,67.0,123.0,296.0,181.0,76.0,81.0,2020-03-06
98.0,85.0,81.0,81.0,100.0,69.0,81.0,99.0,167.0,180.0,989.0,257.0,67.0,89.0,102.0,174.0,206.0,204.0,378.0,643.0,652.0,950.0,574.0,274.0,2020-03-07
153.0,4109.0,4097.0,4002.0,3672.0,3729.0,3734.0,83.0,276.0,690.0,329.0,102.0,129.0,93.0,69.0,1250.0,696.0,482.0,496.0,623.0,647.0,590.0,523.0,527.0,2020-03-08
451.0,3909.0,3714.0,3687.0,3706.0,3750.0,1726.0,211.0,787.0,512.0,541.0,453.0,238.0,99.0,92.0,68.0,82.0,99.0,98.0,199.0,269.0,302.0,359.0,240.0,2020-03-09
229.0,3704.0,3718.0,3679.0,3658.0,3674.0,3718.0,129.0,143.0,133.0,137.0,132.0,138.0,139.0,151.0,168.0,127.0,289.0,160.0,148.0,443.0,271.0,151.0,136.0,2020-03-10
108.0,80.0,107.0,93.0,66.0,103.0,130.0,140.0,253.0,304.0,170.0,219.0,103.0,119.0,765.0,256.0,278.0,211.0,163.0,188.0,285.0,385.0,165.0,111.0,2020-03-11
133.0,76.0,107.0,124.0,65.0,101.0,136.0,280.0,262.0,735.0,474.0,908.0,190.0,121.0,214.0,166.0,211.0,199.0,248.0,189.0,532.0,621.0,192.0,61.0,2020-03-12
123.0,92.0,76.0,120.0,62.0,96.0,132.0,122.0,215.0,155.0,157.0,212.0,186.0,115.0,150.0,988.0,199.0,807.0,811.0,461.0,463.0,1049.0,233.0,237.0,2020-03-13
115.0,86.0,106.0,117.0,67.0,91.0,107.0,86.0,99.0,151.0,240.0,190.0,898.0,155.0,407.0,830.0,542.0,563.0,575.0,593.0,554.0,667.0,716.0,445.0,2020-03-14
73.0,96.0,98.0,94.0,61.0,85.0,92.0,100.0,81.0,76.0,121.0,1218.0,161.0,674.0,1534.0,1550.0,1188.0,723.0,556.0,531.0,716.0,394.0,186.0,526.0,2020-03-15
218.0,88.0,117.0,78.0,82.0,106.0,182.0,70.0,130.0,210.0,129.0,213.0,378.0,182.0,230.0,293.0,231.0,149.0,201.0,169.0,614.0,329.0,168.0,94.0,2020-03-16
119.0,109.0,78.0,80.0,101.0,86.0,124.0,169.0,196.0,237.0,180.0,167.0,165.0,499.0,206.0,749.0,884.0,132.0,345.0,970.0,388.0,711.0,598.0,519.0,2020-03-17
487.0,430.0,87.0,125.0,95.0,83.0,129.0,369.0,563.0,612.0,586.0,869.0,254.0,184.0,1367.0,603.0,104.0,242.0,412.0,604.0,1222.0,1833.0,1245.0,430.0,2020-03-18
154.0,136.0,125.0,135.0,135.0,133.0,118.0,129.0,574.0,970.0,889.0,208.0,416.0,760.0,941.0,1070.0,1337.0,528.0,583.0,658.0,1235.0,653.0,322.0,117.0,2020-03-19
145.0,151.0,116.0,122.0,137.0,137.0,201.0,163.0,233.0,244.0,165.0,473.0,712.0,644.0,809.0,281.0,164.0,139.0,166.0,183.0,764.0,572.0,250.0,142.0,2020-03-20
105.0,114.0,112.0,77.0,93.0,98.0,101.0,99.0,79.0,190.0,1230.0,257.0,145.0,213.0,625.0,242.0,98.0,186.0,258.0,214.0,257.0,628.0,310.0,258.0,2020-03-21
233.0,104.0,139.0,116.0,80.0,110.0,101.0,118.0,81.0,240.0,1249.0,233.0,457.0,183.0,1130.0,271.0,1049.0,299.0,212.0,244.0,413.0,785.0,562.0,482.0,2020-03-22
497.0,390.0,88.0,99.0,112.0,70.0,97.0,157.0,281.0,622.0,575.0,612.0,360.0,826.0,232.0,1398.0,284.0,246.0,147.0,237.0,332.0,242.0,145.0,176.0,2020-03-23
140.0,143.0,128.0,98.0,110.0,155.0,158.0,136.0,311.0,283.0,229.0,164.0,250.0,291.0,890.0,274.0,122.0,124.0,149.0,288.0,1550.0,856.0,143.0,129.0,2020-03-24
69.0,91.0,106.0,65.0,91.0,102.0,73.0,134.0,181.0,262.0,118.0,178.0,167.0,1383.0,791.0,1083.0,465.0,140.0,155.0,143.0,192.0,401.0,392.0,212.0,2020-03-25
138.0,76.0,89.0,99.0,102.0,69.0,83.0,106.0,162.0,283.0,311.0,632.0,231.0,163.0,398.0,181.0,282.0,216.0,468.0,566.0,1404.0,1480.0,902.0,285.0,2020-03-26
132.0,90.0,100.0,119.0,79.0,88.0,112.0,87.0,520.0,548.0,219.0,597.0,340.0,952.0,694.0,660.0,590.0,1307.0,392.0,267.0,1156.0,731.0,587.0,545.0,2020-03-27
534.0,411.0,169.0,163.0,162.0,155.0,158.0,149.0,637.0,648.0,1312.0,530.0,147.0,142.0,1643.0,224.0,282.0,308.0,170.0,349.0,440.0,330.0,254.0,137.0,2020-03-28
109.0,104.0,75.0,102.0,66.0,101.0,124.0,93.0,105.0,152.0,270.0,201.0,134.0,237.0,1652.0,616.0,203.0,971.0,672.0,312.0,371.0,219.0,149.0,83.0,2020-03-30
97.0,105.0,72.0,93.0,97.0,79.0,106.0,133.0,122.0,369.0,272.0,195.0,172.0,302.0,1430.0,245.0,148.0,829.0,728.0,330.0,232.0,394.0,178.0,138.0,2020-03-31
134.0,80.0,140.0,86.0,123.0,126.0,82.0,122.0,103.0,311.0,191.0,166.0,835.0,198.0,251.0,221.0,262.0,232.0,1243.0,256.0,1143.0,479.0,212.0,161.0,2020-04-01
85.0,135.0,139.0,95.0,117.0,135.0,97.0,112.0,139.0,260.0,279.0,501.0,503.0,271.0,1134.0,1037.0,174.0,191.0,166.0,211.0,142.0,845.0,1456.0,1015.0,2020-04-02
532.0,501.0,182.0,140.0,100.0,111.0,134.0,97.0,133.0,264.0,552.0,650.0,1016.0,1348.0,427.0,111.0,122.0,184.0,111.0,350.0,335.0,379.0,318.0,134.0,2020-04-03
158.0,146.0,123.0,135.0,153.0,122.0,133.0,151.0,164.0,1040.0,332.0,228.0,264.0,1556.0,275.0,1326.0,146.0,241.0,307.0,157.0,111.0,261.0,370.0,226.0,2020-04-04
118.0,140.0,3765.0,3727.0,3692.0,3710.0,3707.0,2912.0,102.0,105.0,292.0,843.0,1286.0,1436.0,220.0,230.0,234.0,154.0,193.0,165.0,1107.0,1416.0,282.0,170.0,2020-04-05
136.0,107.0,717.0,93.0,126.0,137.0,89.0,117.0,130.0,251.0,260.0,148.0,150.0,216.0,302.0,257.0,617.0,917.0,179.0,311.0,346.0,713.0,304.0,206.0,2020-04-06
165.0,106.0,301.0,96.0,140.0,102.0,121.0,112.0,104.0,208.0,289.0,1368.0,338.0,428.0,640.0,1249.0,254.0,257.0,203.0,471.0,1076.0,377.0,1343.0,200.0,2020-04-07
122.0,170.0,107.0,155.0,102.0,150.0,99.0,147.0,99.0,170.0,223.0,249.0,166.0,898.0,225.0,226.0,291.0,255.0,989.0,560.0,181.0,1355.0,737.0,204.0,2020-04-08
112.0,167.0,99.0,130.0,126.0,96.0,153.0,90.0,152.0,148.0,171.0,1618.0,484.0,1049.0,1256.0,1212.0,1348.0,519.0,475.0,454.0,676.0,706.0,796.0,537.0,2020-04-09
123.0,101.0,143.0,74.0,137.0,66.0,128.0,65.0,115.0,73.0,129.0,177.0,557.0,1935.0,1132.0,152.0,100.0,558.0,551.0,608.0,1495.0,806.0,521.0,512.0,2020-04-10
551.0,482.0,448.0,146.0,74.0,137.0,69.0,126.0,81.0,101.0,156.0,218.0,321.0,645.0,1175.0,903.0,177.0,371.0,262.0,208.0,204.0,270.0,345.0,239.0,2020-04-11
144.0,200.0,151.0,162.0,159.0,127.0,182.0,126.0,183.0,124.0,234.0,278.0,460.0,284.0,332.0,1397.0,229.0,334.0,566.0,273.0,167.0,903.0,393.0,141.0,2020-04-12
176.0,117.0,162.0,122.0,152.0,122.0,146.0,117.0,144.0,186.0,195.0,211.0,168.0,331.0,541.0,242.0,183.0,1229.0,322.0,179.0,1679.0,449.0,1375.0,155.0,2020-04-13
123.0,119.0,132.0,142.0,115.0,120.0,178.0,175.0,234.0,271.0,1700.0,250.0,561.0,673.0,1401.0,564.0,1657.0,565.0,499.0,510.0,1250.0,911.0,198.0,185.0,2020-04-14
144.0,120.0,116.0,126.0,121.0,156.0,167.0,181.0,227.0,194.0,262.0,297.0,1003.0,612.0,2009.0,437.0,798.0,607.0,1062.0,498.0,511.0,461.0,119.0,1388.0,2020-04-15
484.0,471.0,453.0,470.0,173.0,148.0,125.0,177.0,183.0,300.0,218.0,210.0,624.0,1623.0,945.0,1122.0,572.0,684.0,659.0,1252.0,759.0,555.0,261.0,204.0,2020-04-16
137.0,139.0,123.0,140.0,138.0,119.0,149.0,183.0,232.0,358.0,190.0,175.0,243.0,260.0,366.0,184.0,478.0,294.0,1967.0,242.0,160.0,1006.0,331.0,522.0,2020-04-17
491.0,460.0,460.0,426.0,103.0,87.0,93.0,112.0,101.0,216.0,128.0,158.0,551.0,506.0,713.0,1616.0,697.0,316.0,614.0,156.0,245.0,393.0,289.0,223.0,2020-04-18
93.0,128.0,115.0,89.0,106.0,111.0,69.0,88.0,105.0,105.0,179.0,214.0,805.0,1738.0,229.0,369.0,591.0,750.0,579.0,545.0,1033.0,1370.0,581.0,294.0,2020-04-19
108.0,105.0,79.0,92.0,86.0,144.0,127.0,170.0,301.0,705.0,215.0,175.0,242.0,526.0,402.0,132.0,287.0,281.0,201.0,142.0,624.0,435.0,1061.0,158.0,2020-04-20
75.0,129.0,70.0,102.0,109.0,87.0,164.0,150.0,182.0,382.0,179.0,214.0,212.0,433.0,863.0,206.0,196.0,177.0,161.0,166.0,968.0,856.0,782.0,143.0,2020-04-21
74.0,109.0,84.0,91.0,116.0,62.0,163.0,188.0,280.0,306.0,194.0,199.0,209.0,986.0,783.0,499.0,143.0,191.0,171.0,256.0,330.0,221.0,633.0,829.0,2020-04-22
144.0,90.0,130.0,102.0,112.0,124.0,144.0,201.0,198.0,226.0,269.0,259.0,206.0,362.0,539.0,236.0,207.0,1237.0,222.0,136.0,1098.0,254.0,153.0,87.0,2020-04-23
131.0,88.0,92.0,116.0,115.0,67.0,112.0,245.0,255.0,275.0,194.0,185.0,138.0,420.0,943.0,105.0,148.0,134.0,136.0,198.0,250.0,808.0,328.0,188.0,2020-04-24
114.0,158.0,106.0,129.0,150.0,97.0,132.0,145.0,193.0,187.0,324.0,1469.0,2273.0,810.0,652.0,639.0,451.0,165.0,446.0,497.0,715.0,376.0,327.0,179.0,2020-04-25
181.0,101.0,172.0,88.0,153.0,99.0,138.0,132.0,102.0,263.0,890.0,555.0,859.0,1894.0,436.0,232.0,286.0,228.0,185.0,166.0,913.0,853.0,701.0,575.0,2020-04-26
524.0,446.0,156.0,155.0,137.0,132.0,187.0,551.0,554.0,795.0,622.0,638.0,1181.0,481.0,694.0,741.0,148.0,179.0,232.0,273.0,348.0,629.0,944.0,168.0,2020-04-27
157.0,127.0,192.0,145.0,143.0,105.0,131.0,276.0,230.0,256.0,168.0,214.0,168.0,198.0,440.0,223.0,175.0,166.0,109.0,268.0,1269.0,1173.0,447.0,161.0,2020-04-28
133.0,87.0,125.0,132.0,120.0,71.0,193.0,241.0,252.0,201.0,176.0,223.0,141.0,222.0,242.0,325.0,118.0,169.0,219.0,194.0,227.0,433.0,291.0,136.0,2020-04-29
151.0,84.0,109.0,116.0,88.0,122.0,115.0,180.0,235.0,385.0,1228.0,759.0,1154.0,253.0,184.0,349.0,192.0,187.0,538.0,528.0,485.0,1434.0,598.0,482.0,2020-04-30
502.0,330.0,107.0,118.0,85.0,92.0,125.0,104.0,196.0,270.0,649.0,1363.0,223.0,559.0,1158.0,378.0,294.0,394.0,470.0,107.0,130.0,208.0,258.0,299.0,2020-05-01
87.0,105.0,115.0,65.0,90.0,111.0,96.0,66.0,94.0,121.0,199.0,309.0,1416.0,249.0,332.0,1195.0,1051.0,517.0,611.0,673.0,464.0,647.0,794.0,597.0,2020-05-02
604.0,455.0,237.0,137.0,109.0,156.0,113.0,128.0,149.0,196.0,584.0,274.0,169.0,190.0,1203.0,333.0,266.0,181.0,392.0,1569.0,937.0,861.0,1556.0,552.0,2020-05-03
527.0,155.0,185.0,134.0,151.0,165.0,167.0,197.0,517.0,597.0,532.0,198.0,208.0,552.0,345.0,231.0,116.0,293.0,1119.0,490.0,1402.0,627.0,582.0,541.0,2020-05-04
478.0,413.0,111.0,127.0,81.0,154.0,138.0,192.0,303.0,467.0,358.0,292.0,1246.0,270.0,1409.0,305.0,197.0,109.0,170.0,237.0,1454.0,298.0,205.0,236.0,2020-05-05
78.0,127.0,65.0,115.0,71.0,100.0,101.0,137.0,306.0,172.0,214.0,596.0,925.0,811.0,1111.0,163.0,207.0,230.0,122.0,170.0,770.0,262.0,325.0,132.0,2020-05-06
152.0,95.0,86.0,137.0,82.0,90.0,159.0,206.0,202.0,251.0,246.0,234.0,202.0,507.0,217.0,272.0,168.0,606.0,808.0,391.0,452.0,399.0,389.0,217.0,2020-05-07
163.0,148.0,114.0,169.0,102.0,164.0,104.0,181.0,293.0,183.0,305.0,236.0,242.0,355.0,1151.0,291.0,168.0,141.0,109.0,1342.0,152.0,368.0,358.0,249.0,2020-05-08
147.0,114.0,84.0,120.0,92.0,80.0,131.0,126.0,99.0,199.0,218.0,248.0,200.0,335.0,312.0,120.0,231.0,227.0,110.0,305.0,205.0,711.0,468.0,296.0,2020-05-09
1147.0,113.0,120.0,153.0,95.0,137.0,114.0,106.0,140.0,165.0,124.0,185.0,172.0,210.0,922.0,1733.0,360.0,204.0,172.0,172.0,283.0,773.0,578.0,453.0,2020-05-10
470.0,480.0,3682.0,3721.0,3663.0,3696.0,3731.0,3971.0,593.0,1352.0,1310.0,767.0,113.0,347.0,164.0,195.0,97.0,260.0,290.0,101.0,1674.0,315.0,242.0,203.0,2020-05-11
1045.0,124.0,3660.0,3690.0,3599.0,864.0,143.0,165.0,233.0,287.0,193.0,154.0,226.0,219.0,354.0,264.0,143.0,155.0,294.0,296.0,1060.0,403.0,168.0,188.0,2020-05-12
50.0,118.0,101.0,77.0,108.0,74.0,107.0,156.0,195.0,326.0,193.0,259.0,188.0,442.0,591.0,151.0,101.0,431.0,1222.0,240.0,418.0,447.0,312.0,178.0,2020-05-13
97.0,118.0,90.0,74.0,102.0,134.0,161.0,127.0,158.0,860.0,1182.0,195.0,172.0,200.0,312.0,466.0,182.0,231.0,200.0,133.0,211.0,351.0,310.0,229.0,2020-05-14
127.0,125.0,95.0,103.0,124.0,124.0,90.0,142.0,127.0,192.0,188.0,281.0,142.0,193.0,174.0,1015.0,1358.0,261.0,236.0,145.0,158.0,238.0,333.0,243.0,2020-05-15
81.0,102.0,114.0,95.0,82.0,107.0,113.0,83.0,115.0,214.0,280.0,226.0,160.0,485.0,141.0,178.0,174.0,225.0,206.0,895.0,548.0,260.0,397.0,266.0,2020-05-16
152.0,71.0,103.0,102.0,98.0,82.0,70.0,97.0,142.0,737.0,364.0,1461.0,247.0,159.0,1217.0,791.0,453.0,631.0,586.0,444.0,581.0,719.0,1684.0,154.0,2020-05-17
87.0,132.0,90.0,90.0,122.0,90.0,160.0,163.0,186.0,648.0,237.0,420.0,235.0,234.0,294.0,309.0,163.0,98.0,197.0,310.0,908.0,309.0,249.0,179.0,2020-05-18
118.0,81.0,97.0,105.0,108.0,87.0,117.0,154.0,251.0,288.0,204.0,228.0,227.0,505.0,271.0,1318.0,187.0,127.0,230.0,287.0,415.0,310.0,128.0,154.0,2020-05-19
80.0,98.0,3667.0,3648.0,3660.0,3687.0,3645.0,3727.0,291.0,451.0,493.0,183.0,746.0,186.0,829.0,990.0,766.0,92.0,142.0,298.0,291.0,490.0,296.0,174.0,2020-05-20
94.0,167.0,3676.0,3707.0,2437.0,361.0,219.0,89.0,263.0,1114.0,666.0,182.0,183.0,258.0,436.0,327.0,161.0,108.0,185.0,267.0,700.0,232.0,284.0,258.0,2020-05-21
101.0,130.0,150.0,112.0,104.0,138.0,163.0,155.0,256.0,257.0,296.0,541.0,607.0,202.0,689.0,174.0,1060.0,427.0,323.0,264.0,285.0,1008.0,204.0,253.0,2020-05-22
105.0,125.0,111.0,83.0,135.0,85.0,103.0,133.0,71.0,193.0,279.0,236.0,197.0,152.0,207.0,325.0,180.0,310.0,211.0,157.0,477.0,389.0,258.0,257.0,2020-05-23
185.0,162.0,86.0,122.0,116.0,85.0,144.0,76.0,160.0,116.0,248.0,1824.0,1057.0,250.0,1002.0,164.0,178.0,226.0,177.0,292.0,1172.0,923.0,1219.0,492.0,2020-05-24
392.0,480.0,3992.0,3759.0,3711.0,3684.0,2436.0,107.0,179.0,535.0,236.0,200.0,237.0,138.0,320.0,272.0,320.0,135.0,159.0,94.0,152.0,384.0,274.0,211.0,2020-05-25
90.0,133.0,3601.0,3704.0,3630.0,3685.0,3674.0,3722.0,388.0,248.0,1472.0,286.0,261.0,266.0,387.0,370.0,341.0,296.0,336.0,254.0,339.0,819.0,300.0,205.0,2020-05-26
111.0,134.0,82.0,103.0,134.0,80.0,105.0,199.0,240.0,297.0,605.0,271.0,374.0,733.0,1332.0,254.0,520.0,887.0,192.0,152.0,166.0,174.0,304.0,157.0,2020-05-27
163.0,85.0,114.0,121.0,76.0,124.0,181.0,70.0,170.0,220.0,174.0,248.0,207.0,441.0,765.0,584.0,838.0,562.0,146.0,155.0,81.0,218.0,275.0,327.0,2020-05-28
163.0,126.0,3743.0,3715.0,3765.0,3709.0,3636.0,3727.0,110.0,844.0,372.0,282.0,248.0,204.0,1668.0,709.0,793.0,314.0,175.0,181.0,318.0,349.0,427.0,274.0,2020-05-29
256.0,156.0,3705.0,3715.0,3676.0,3731.0,3721.0,3704.0,132.0,206.0,85.0,128.0,104.0,268.0,1439.0,442.0,179.0,290.0,555.0,388.0,143.0,84.0,148.0,90.0,2020-05-30
208.0,3747.0,3675.0,3699.0,3686.0,3668.0,3399.0,111.0,81.0,162.0,181.0,144.0,183.0,509.0,1397.0,266.0,234.0,244.0,186.0,402.0,756.0,1361.0,230.0,289.0,2020-05-31
120.0,599.0,137.0,100.0,81.0,126.0,180.0,97.0,172.0,481.0,191.0,210.0,260.0,207.0,135.0,314.0,106.0,222.0,337.0,177.0,330.0,412.0,387.0,334.0,2020-06-01
275.0,216.0,118.0,111.0,125.0,72.0,178.0,163.0,140.0,509.0,492.0,205.0,308.0,225.0,618.0,138.0,332.0,279.0,209.0,132.0,98.0,364.0,414.0,393.0,2020-06-02
134.0,143.0,125.0,89.0,125.0,143.0,89.0,104.0,203.0,828.0,672.0,257.0,152.0,1237.0,290.0,268.0,270.0,214.0,152.0,124.0,209.0,450.0,360.0,196.0,2020-06-03
162.0,96.0,116.0,121.0,78.0,134.0,107.0,94.0,442.0,500.0,428.0,376.0,313.0,316.0,233.0,501.0,340.0,170.0,155.0,183.0,1078.0,678.0,276.0,235.0,2020-06-04
114.0,157.0,151.0,107.0,128.0,160.0,150.0,162.0,213.0,224.0,522.0,1170.0,174.0,179.0,358.0,130.0,300.0,498.0,463.0,184.0,166.0,371.0,368.0,221.0,2020-06-05
252.0,142.0,109.0,139.0,76.0,91.0,127.0,129.0,79.0,136.0,239.0,110.0,104.0,119.0,1028.0,226.0,275.0,137.0,147.0,107.0,88.0,160.0,1033.0,301.0,2020-06-06
212.0,77.0,131.0,98.0,84.0,130.0,80.0,97.0,127.0,167.0,107.0,1052.0,351.0,479.0,202.0,111.0,130.0,109.0,166.0,159.0,239.0,326.0,242.0,148.0,2020-06-07
116.0,127.0,93.0,149.0,72.0,126.0,174.0,180.0,1000.0,648.0,862.0,213.0,127.0,268.0,541.0,322.0,253.0,150.0,163.0,188.0,305.0,269.0,254.0,183.0,2020-06-08
139.0,74.0,123.0,88.0,104.0,123.0,150.0,162.0,134.0,151.0,196.0,127.0,168.0,204.0,275.0,197.0,136.0,134.0,143.0,166.0,93.0,119.0,264.0,202.0,2020-06-09
94.0,102.0,128.0,95.0,90.0,165.0,179.0,146.0,153.0,307.0,211.0,190.0,183.0,333.0,1885.0,843.0,260.0,156.0,129.0,161.0,370.0,841.0,312.0,220.0,2020-06-10
84.0,110.0,125.0,99.0,98.0,114.0,279.0,102.0,165.0,550.0,1144.0,271.0,126.0,231.0,330.0,919.0,165.0,149.0,126.0,85.0,676.0,271.0,248.0,221.0,2020-06-11
116.0,104.0,127.0,133.0,104.0,121.0,146.0,155.0,154.0,485.0,1405.0,272.0,204.0,577.0,779.0,319.0,257.0,125.0,142.0,109.0,102.0,80.0,109.0,2864.0,2020-06-12
3725.0,3654.0,3648.0,3691.0,3694.0,3692.0,3655.0,3703.0,2305.0,368.0,200.0,160.0,150.0,242.0,114.0,174.0,151.0,132.0,102.0,96.0,104.0,1280.0,347.0,236.0,2020-06-13
138.0,127.0,81.0,93.0,101.0,114.0,73.0,99.0,132.0,330.0,209.0,468.0,364.0,198.0,224.0,302.0,276.0,238.0,163.0,176.0,256.0,287.0,347.0,210.0,2020-06-14
102.0,119.0,95.0,81.0,112.0,108.0,156.0,98.0,130.0,171.0,148.0,159.0,181.0,245.0,1051.0,643.0,868.0,138.0,214.0,138.0,76.0,482.0,358.0,213.0,2020-06-15
161.0,3720.0,3693.0,3767.0,3762.0,3727.0,3785.0,242.0,140.0,141.0,170.0,512.0,1432.0,1283.0,1629.0,723.0,669.0,539.0,480.0,266.0,181.0,273.0,307.0,136.0,2020-06-16
139.0,3656.0,3672.0,3709.0,3737.0,3703.0,2328.0,208.0,217.0,502.0,1048.0,719.0,221.0,196.0,549.0,320.0,347.0,141.0,108.0,589.0,143.0,523.0,277.0,195.0,2020-06-17
132.0,85.0,121.0,107.0,82.0,118.0,230.0,76.0,141.0,219.0,173.0,155.0,191.0,175.0,270.0,516.0,250.0,192.0,192.0,863.0,1516.0,263.0,251.0,310.0,2020-06-18
131.0,102.0,81.0,114.0,118.0,101.0,138.0,140.0,186.0,902.0,247.0,225.0,200.0,205.0,516.0,650.0,352.0,515.0,512.0,568.0,351.0,333.0,400.0,192.0,2020-06-19
145.0,119.0,78.0,124.0,126.0,77.0,120.0,148.0,384.0,972.0,317.0,235.0,472.0,265.0,821.0,155.0,196.0,270.0,479.0,503.0,586.0,729.0,650.0,638.0,2020-06-20
574.0,4090.0,3857.0,3815.0,3850.0,2581.0,391.0,239.0,206.0,112.0,128.0,185.0,169.0,123.0,164.0,195.0,123.0,158.0,183.0,153.0,919.0,725.0,495.0,497.0,2020-06-21
166.0,3659.0,3666.0,3717.0,3702.0,3095.0,447.0,132.0,144.0,1007.0,697.0,150.0,113.0,158.0,155.0,115.0,574.0,705.0,682.0,831.0,454.0,290.0,342.0,317.0,2020-06-22
202.0,340.0,100.0,161.0,101.0,112.0,145.0,98.0,117.0,492.0,723.0,383.0,412.0,573.0,718.0,820.0,670.0,112.0,711.0,1103.0,264.0,290.0,304.0,709.0,2020-06-23
277.0,271.0,94.0,130.0,141.0,87.0,132.0,135.0,94.0,373.0,676.0,491.0,163.0,159.0,112.0,153.0,1262.0,1308.0,1400.0,1467.0,923.0,301.0,477.0,744.0,2020-06-24
618.0,208.0,136.0,105.0,107.0,139.0,107.0,101.0,365.0,429.0,159.0,510.0,136.0,112.0,211.0,625.0,1258.0,1141.0,1399.0,1325.0,940.0,334.0,247.0,270.0,2020-06-25
280.0,157.0,129.0,138.0,102.0,102.0,128.0,121.0,99.0,347.0,408.0,357.0,370.0,334.0,189.0,230.0,305.0,103.0,116.0,158.0,100.0,108.0,157.0,111.0,2020-06-26
107.0,138.0,116.0,99.0,121.0,138.0,100.0,95.0,132.0,2764.0,3833.0,3868.0,3879.0,3802.0,1112.0,514.0,382.0,353.0,385.0,270.0,99.0,146.0,119.0,96.0,2020-06-27
144.0,131.0,91.0,130.0,136.0,99.0,99.0,137.0,123.0,101.0,135.0,144.0,105.0,1716.0,530.0,932.0,1184.0,1076.0,973.0,234.0,252.0,304.0,112.0,1065.0,2020-06-28
155.0,3674.0,3699.0,3716.0,3661.0,2801.0,342.0,88.0,104.0,205.0,538.0,714.0,131.0,63.0,79.0,122.0,74.0,72.0,152.0,137.0,113.0,108.0,73.0,121.0,2020-06-29
90.0,73.0,122.0,90.0,70.0,120.0,94.0,65.0,115.0,104.0,61.0,112.0,110.0,58.0,114.0,107.0,63.0,116.0,98.0,71.0,119.0,93.0,75.0,129.0,2020-06-30
82.0,77.0,134.0,75.0,89.0,127.0,67.0,96.0,123.0,60.0,106.0,119.0,60.0,112.0,112.0,60.0,126.0,93.0,70.0,130.0,85.0,87.0,124.0,72.0,2020-07-01
98.0,119.0,64.0,110.0,110.0,65.0,116.0,105.0,371.0,1043.0,73.0,97.0,123.0,73.0,75.0,123.0,89.0,66.0,122.0,94.0,76.0,106.0,112.0,69.0,2020-07-02
97.0,122.0,68.0,87.0,124.0,77.0,73.0,114.0,101.0,61.0,108.0,112.0,65.0,90.0,112.0,86.0,65.0,119.0,96.0,73.0,101.0,112.0,69.0,88.0,2020-07-03
117.0,81.0,72.0,112.0,104.0,60.0,98.0,127.0,60.0,155.0,136.0,91.0,131.0,67.0,91.0,123.0,69.0,78.0,125.0,75.0,74.0,126.0,83.0,79.0,2020-07-04
112.0,88.0,75.0,106.0,106.0,76.0,82.0,115.0,89.0,63.0,107.0,102.0,66.0,111.0,103.0,72.0,88.0,115.0,83.0,69.0,120.0,555.0,1845.0,1491.0,2020-07-05
367.0,162.0,93.0,149.0,96.0,114.0,131.0,402.0,268.0,446.0,401.0,343.0,440.0,474.0,516.0,439.0,490.0,513.0,781.0,1284.0,563.0,677.0,876.0,1010.0,2020-07-06
429.0,987.0,588.0,625.0,599.0,241.0,131.0,115.0,248.0,313.0,372.0,687.0,416.0,384.0,462.0,1089.0,1199.0,658.0,1031.0,835.0,1407.0,826.0,558.0,321.0,2020-07-07
114.0,156.0,93.0,121.0,135.0,89.0,139.0,123.0,290.0,343.0,400.0,376.0,458.0,917.0,520.0,518.0,508.0,422.0,538.0,494.0,460.0,623.0,184.0,221.0,2020-07-08
193.0,155.0,94.0,160.0,153.0,153.0,179.0,130.0,1085.0,456.0,322.0,356.0,401.0,226.0,198.0,584.0,665.0,407.0,523.0,303.0,333.0,230.0,207.0,133.0,2020-07-09
185.0,3665.0,3710.0,3669.0,3701.0,3655.0,3708.0,87.0,321.0,193.0,410.0,1189.0,210.0,139.0,583.0,377.0,964.0,4393.0,4576.0,2171.0,82.0,158.0,95.0,208.0,2020-07-10
247.0,3732.0,3712.0,3704.0,3701.0,3211.0,474.0,106.0,151.0,277.0,313.0,225.0,159.0,214.0,104.0,169.0,92.0,162.0,81.0,156.0,95.0,146.0,109.0,134.0,2020-07-11
167.0,3738.0,3732.0,3729.0,3759.0,3706.0,1060.0,134.0,171.0,180.0,335.0,193.0,183.0,268.0,145.0,172.0,126.0,1355.0,1309.0,448.0,653.0,350.0,847.0,927.0,2020-07-12
176.0,195.0,115.0,182.0,114.0,182.0,172.0,225.0,309.0,1899.0,600.0,379.0,233.0,137.0,687.0,491.0,719.0,996.0,1657.0,1005.0,538.0,866.0,197.0,116.0,2020-07-13
140.0,117.0,115.0,125.0,114.0,120.0,183.0,115.0,189.0,200.0,317.0,218.0,274.0,266.0,346.0,390.0,319.0,956.0,1391.0,1059.0,140.0,140.0,149.0,173.0,2020-07-14
129.0,119.0,126.0,108.0,138.0,95.0,203.0,97.0,226.0,155.0,345.0,283.0,355.0,350.0,454.0,449.0,466.0,395.0,421.0,1138.0,1040.0,721.0,296.0,235.0,2020-07-15
176.0,3776.0,3794.0,3800.0,3722.0,3754.0,3122.0,124.0,218.0,385.0,749.0,1275.0,367.0,353.0,539.0,479.0,571.0,500.0,516.0,486.0,418.0,1021.0,255.0,147.0,2020-07-16
167.0,3693.0,3718.0,3660.0,3695.0,3660.0,3661.0,116.0,334.0,286.0,3971.0,3557.0,827.0,381.0,435.0,197.0,131.0,2340.0,2228.0,163.0,89.0,134.0,122.0,84.0,2020-07-17
139.0,115.0,92.0,130.0,122.0,84.0,132.0,121.0,91.0,120.0,132.0,90.0,104.0,136.0,104.0,92.0,163.0,160.0,111.0,156.0,90.0,126.0,134.0,88.0,2020-07-18
130.0,132.0,88.0,140.0,106.0,90.0,142.0,115.0,86.0,140.0,117.0,86.0,133.0,127.0,85.0,129.0,128.0,89.0,132.0,1051.0,1380.0,1925.0,2307.0,1135.0,2020-07-19
540.0,3793.0,3707.0,3674.0,3745.0,3683.0,3685.0,200.0,408.0,1036.0,926.0,863.0,346.0,189.0,1165.0,634.0,111.0,976.0,1335.0,414.0,933.0,1678.0,981.0,154.0,2020-07-20
282.0,110.0,141.0,88.0,149.0,98.0,239.0,80.0,229.0,557.0,950.0,574.0,490.0,1250.0,1311.0,1331.0,1266.0,1098.0,1101.0,298.0,146.0,99.0,166.0,528.0,2020-07-21
550.0,762.0,461.0,172.0,125.0,133.0,112.0,154.0,262.0,182.0,529.0,261.0,196.0,535.0,693.0,1007.0,996.0,1190.0,360.0,1134.0,1293.0,547.0,266.0,102.0,2020-07-22
152.0,507.0,110.0,134.0,132.0,87.0,167.0,151.0,323.0,504.0,1067.0,146.0,225.0,142.0,352.0,1435.0,1327.0,1347.0,960.0,406.0,97.0,488.0,502.0,805.0,2020-07-23
124.0,3913.0,3967.0,3887.0,3916.0,3912.0,3866.0,344.0,322.0,484.0,677.0,446.0,473.0,536.0,588.0,782.0,891.0,180.0,1478.0,346.0,168.0,182.0,179.0,1501.0,2020-07-24
475.0,368.0,383.0,359.0,281.0,99.0,150.0,162.0,156.0,147.0,358.0,1668.0,163.0,131.0,2352.0,2616.0,1616.0,1414.0,587.0,164.0,176.0,172.0,173.0,101.0,2020-07-25
477.0,1502.0,0.0,0.0,3619.0,3755.0,3745.0,177.0,205.0,665.0,903.0,521.0,848.0,1313.0,1649.0,1605.0,1071.0,831.0,187.0,194.0,182.0,173.0,167.0,1740.0,2020-07-26
3820.0,3756.0,3729.0,3711.0,3698.0,3741.0,3746.0,483.0,120.0,1017.0,628.0,870.0,1260.0,343.0,990.0,1280.0,1133.0,1147.0,1291.0,971.0,172.0,164.0,133.0,2324.0,2020-07-27
3743.0,3730.0,3737.0,3693.0,3720.0,1909.0,274.0,187.0,106.0,555.0,1988.0,1959.0,1983.0,1193.0,159.0,162.0,150.0,228.0,1390.0,1260.0,1095.0,534.0,171.0,104.0,2020-07-28
138.0,153.0,152.0,150.0,97.0,128.0,155.0,199.0,148.0,106.0,100.0,157.0,149.0,151.0,124.0,75.0,164.0,152.0,149.0,147.0,70.0,155.0,151.0,150.0,2020-07-29
167.0,82.0,140.0,149.0,151.0,149.0,111.0,184.0,150.0,149.0,149.0,93.0,111.0,158.0,151.0,152.0,121.0,92.0,164.0,155.0,155.0,141.0,106.0,170.0,2020-07-30
153.0,155.0,149.0,74.0,152.0,151.0,152.0,189.0,88.0,123.0,152.0,149.0,151.0,95.0,112.0,160.0,155.0,160.0,1147.0,694.0,172.0,171.0,3169.0,4560.0,2020-07-31
4189.0,3658.0,3517.0,3517.0,2833.0,400.0,155.0,152.0,226.0,305.0,948.0,160.0,150.0,152.0,155.0,175.0,161.0,152.0,152.0,83.0,158.0,153.0,152.0,154.0,2020-08-01
77.0,160.0,153.0,152.0,152.0,70.0,165.0,154.0,151.0,151.0,72.0,159.0,151.0,150.0,149.0,75.0,155.0,153.0,151.0,150.0,86.0,144.0,152.0,151.0,2020-08-02
151.0,87.0,138.0,151.0,149.0,150.0,84.0,131.0,333.0,379.0,271.0,141.0,155.0,151.0,149.0,151.0,77.0,152.0,150.0,149.0,151.0,78.0,150.0,149.0,2020-08-03
150.0,150.0,86.0,143.0,150.0,151.0,148.0,153.0,171.0,155.0,149.0,148.0,87.0,121.0,154.0,149.0,148.0,106.0,95.0,157.0,149.0,148.0,134.0,71.0,2020-08-04
155.0,150.0,149.0,148.0,75.0,137.0,148.0,148.0,147.0,78.0,126.0,151.0,148.0,147.0,97.0,99.0,156.0,148.0,148.0,125.0,70.0,161.0,151.0,148.0,2020-08-05
147.0,74.0,139.0,148.0,150.0,149.0,79.0,132.0,265.0,421.0,427.0,105.0,130.0,150.0,149.0,146.0,99.0,113.0,156.0,147.0,149.0,117.0,92.0,158.0,2020-08-06
149.0,149.0,127.0,79.0,162.0,152.0,150.0,160.0,155.0,159.0,151.0,150.0,107.0,108.0,158.0,149.0,151.0,119.0,93.0,159.0,152.0,151.0,130.0,84.0,2020-08-07
161.0,153.0,149.0,141.0,71.0,165.0,153.0,149.0,150.0,71.0,153.0,151.0,149.0,151.0,81.0,143.0,149.0,152.0,150.0,84.0,140.0,149.0,152.0,149.0,2020-08-08
85.0,142.0,152.0,151.0,148.0,92.0,132.0,154.0,150.0,149.0,102.0,116.0,156.0,149.0,151.0,113.0,104.0,158.0,158.0,151.0,1515.0,4387.0,4244.0,4379.0,2020-08-09
3795.0,4338.0,4030.0,3419.0,3220.0,3220.0,3217.0,3169.0,2740.0,1219.0,693.0,709.0,662.0,1614.0,1149.0,1779.0,1842.0,1757.0,1286.0,163.0,161.0,159.0,162.0,858.0,2020-08-10
699.0,499.0,456.0,256.0,98.0,397.0,425.0,226.0,145.0,252.0,526.0,510.0,347.0,395.0,153.0,193.0,224.0,312.0,256.0,111.0,165.0,363.0,335.0,332.0,2020-08-11
403.0,275.0,257.0,202.0,169.0,222.0,206.0,195.0,144.0,86.0,190.0,237.0,334.0,338.0,759.0,426.0,392.0,410.0,371.0,318.0,765.0,804.0,779.0,1187.0,2020-08-12
533.0,292.0,166.0,160.0,158.0,135.0,84.0,155.0,159.0,228.0,190.0,132.0,121.0,177.0,185.0,343.0,621.0,625.0,730.0,699.0,1165.0,716.0,685.0,729.0,2020-08-13
723.0,575.0,244.0,264.0,282.0,233.0,131.0,148.0,153.0,92.0,160.0,294.0,390.0,345.0,438.0,1289.0,595.0,572.0,581.0,1476.0,1525.0,1018.0,375.0,169.0,2020-08-14
164.0,137.0,153.0,123.0,73.0,130.0,148.0,72.0,149.0,175.0,169.0,260.0,238.0,405.0,804.0,1072.0,1295.0,471.0,321.0,164.0,151.0,150.0,135.0,198.0,2020-08-15
199.0,156.0,138.0,77.0,111.0,152.0,72.0,96.0,171.0,253.0,117.0,181.0,171.0,173.0,1164.0,422.0,162.0,178.0,91.0,157.0,151.0,81.0,358.0,201.0,2020-08-16
103.0,3147.0,3242.0,3204.0,3163.0,3262.0,3173.0,132.0,180.0,138.0,174.0,193.0,186.0,174.0,308.0,189.0,500.0,777.0,499.0,130.0,156.0,150.0,210.0,162.0,2020-08-17
155.0,108.0,78.0,161.0,146.0,74.0,127.0,214.0,218.0,253.0,163.0,157.0,239.0,455.0,199.0,222.0,615.0,597.0,621.0,230.0,518.0,936.0,501.0,252.0,2020-08-18
171.0,117.0,105.0,163.0,155.0,152.0,113.0,140.0,159.0,203.0,578.0,370.0,376.0,426.0,438.0,476.0,239.0,153.0,926.0,849.0,158.0,167.0,164.0,298.0,2020-08-19
177.0,3167.0,3225.0,3226.0,3226.0,3219.0,3146.0,144.0,252.0,387.0,292.0,337.0,343.0,425.0,632.0,846.0,867.0,220.0,1180.0,153.0,149.0,146.0,299.0,295.0,2020-08-20
267.0,3243.0,3232.0,3190.0,3280.0,3279.0,1193.0,209.0,287.0,715.0,1361.0,408.0,401.0,460.0,443.0,892.0,1026.0,774.0,166.0,891.0,765.0,1219.0,335.0,272.0,2020-08-21
268.0,168.0,120.0,103.0,160.0,152.0,150.0,132.0,165.0,325.0,246.0,449.0,364.0,84.0,153.0,167.0,165.0,693.0,1235.0,335.0,156.0,153.0,149.0,162.0,2020-08-22
83.0,3266.0,3242.0,3229.0,3231.0,3165.0,3202.0,153.0,182.0,276.0,252.0,903.0,910.0,680.0,718.0,606.0,1422.0,498.0,190.0,174.0,316.0,304.0,361.0,207.0,2020-08-23
442.0,3276.0,3228.0,3242.0,1602.0,244.0,172.0,171.0,236.0,249.0,241.0,726.0,726.0,494.0,1014.0,1209.0,922.0,359.0,154.0,163.0,467.0,316.0,666.0,416.0,2020-08-24
271.0,336.0,169.0,160.0,156.0,162.0,84.0,168.0,510.0,444.0,471.0,436.0,528.0,628.0,874.0,1107.0,1139.0,1386.0,1295.0,215.0,194.0,464.0,240.0,505.0,2020-08-25
180.0,158.0,88.0,153.0,154.0,155.0,199.0,84.0,214.0,447.0,631.0,572.0,608.0,1456.0,1801.0,1101.0,918.0,115.0,132.0,231.0,518.0,1144.0,926.0,124.0,2020-08-26
178.0,169.0,156.0,110.0,119.0,160.0,154.0,183.0,270.0,368.0,568.0,1219.0,1227.0,1429.0,1190.0,1671.0,1936.0,3494.0,2122.0,1409.0,1583.0,1580.0,1247.0,871.0,2020-08-27
158.0,3269.0,3257.0,3256.0,3214.0,3244.0,3194.0,231.0,258.0,1649.0,1382.0,677.0,577.0,637.0,893.0,1153.0,1341.0,848.0,643.0,387.0,690.0,1305.0,357.0,316.0,2020-08-28
126.0,94.0,160.0,151.0,148.0,131.0,73.0,154.0,195.0,154.0,147.0,87.0,130.0,177.0,179.0,160.0,145.0,81.0,87.0,157.0,149.0,144.0,125.0,106.0,2020-08-29
153.0,3247.0,3244.0,3258.0,3193.0,3189.0,3225.0,152.0,146.0,290.0,265.0,127.0,590.0,393.0,155.0,159.0,153.0,163.0,152.0,149.0,579.0,1045.0,371.0,191.0,2020-08-30
161.0,3245.0,3212.0,3256.0,3268.0,3277.0,2473.0,120.0,419.0,348.0,501.0,248.0,226.0,139.0,284.0,287.0,194.0,374.0,278.0,144.0,143.0,844.0,1405.0,294.0,2020-08-31
174.0,153.0,145.0,144.0,153.0,151.0,207.0,141.0,142.0,268.0,307.0,196.0,145.0,127.0,146.0,150.0,191.0,438.0,284.0,245.0,228.0,198.0,236.0,179.0,2020-09-01
156.0,110.0,71.0,162.0,129.0,69.0,210.0,137.0,123.0,210.0,274.0,249.0,167.0,162.0,233.0,247.0,188.0,215.0,157.0,82.0,160.0,152.0,82.0,159.0,2020-09-02
150.0,3151.0,3237.0,3246.0,3189.0,3247.0,1904.0,71.0,127.0,622.0,891.0,752.0,199.0,124.0,164.0,199.0,123.0,178.0,197.0,146.0,189.0,403.0,312.0,201.0,2020-09-03
125.0,3159.0,3256.0,3230.0,3166.0,3223.0,3214.0,76.0,193.0,284.0,177.0,113.0,176.0,146.0,76.0,137.0,144.0,495.0,445.0,167.0,150.0,242.0,438.0,309.0,2020-09-04
178.0,3258.0,3268.0,3231.0,3269.0,3284.0,3267.0,163.0,204.0,318.0,214.0,164.0,154.0,153.0,117.0,82.0,157.0,158.0,151.0,157.0,77.0,367.0,374.0,214.0,2020-09-05
354.0,3197.0,3228.0,3266.0,3256.0,3190.0,3246.0,150.0,210.0,1307.0,258.0,1468.0,229.0,199.0,173.0,153.0,140.0,135.0,135.0,134.0,134.0,135.0,134.0,309.0,2020-09-06
3294.0,3235.0,3255.0,3285.0,3294.0,3274.0,3239.0,3261.0,3240.0,3316.0,1293.0,161.0,152.0,156.0,156.0,147.0,155.0,197.0,192.0,105.0,225.0,768.0,806.0,250.0,2020-09-07
244.0,3268.0,3229.0,3198.0,3269.0,1168.0,188.0,176.0,180.0,243.0,1328.0,401.0,400.0,509.0,258.0,119.0,181.0,219.0,267.0,214.0,201.0,261.0,188.0,132.0,2020-09-08
160.0,93.0,163.0,82.0,162.0,85.0,211.0,97.0,173.0,114.0,170.0,94.0,121.0,114.0,89.0,152.0,156.0,232.0,220.0,81.0,1198.0,969.0,557.0,207.0,2020-09-09
88.0,3259.0,3182.0,3257.0,3210.0,3224.0,3187.0,315.0,210.0,73.0,150.0,64.0,156.0,60.0,159.0,58.0,159.0,103.0,284.0,137.0,386.0,363.0,132.0,132.0,2020-09-10
127.0,95.0,138.0,80.0,151.0,69.0,234.0,180.0,295.0,122.0,217.0,137.0,208.0,143.0,535.0,232.0,368.0,214.0,206.0,188.0,88.0,168.0,62.0,244.0,2020-09-11
74.0,3239.0,3174.0,3238.0,3204.0,3221.0,3175.0,116.0,189.0,605.0,788.0,708.0,178.0,156.0,1197.0,295.0,174.0,210.0,212.0,199.0,166.0,90.0,165.0,198.0,2020-09-12
82.0,1067.0,151.0,75.0,148.0,116.0,100.0,155.0,69.0,284.0,287.0,1037.0,241.0,123.0,97.0,160.0,229.0,951.0,463.0,1073.0,575.0,294.0,209.0,127.0,2020-09-13
114.0,3262.0,3162.0,3251.0,3193.0,1341.0,97.0,200.0,352.0,131.0,431.0,345.0,388.0,1409.0,557.0,791.0,508.0,423.0,195.0,174.0,129.0,264.0,1066.0,432.0,2020-09-14
202.0,215.0,92.0,164.0,76.0,150.0,138.0,126.0,259.0,196.0,124.0,205.0,131.0,191.0,324.0,628.0,547.0,680.0,867.0,358.0,1059.0,225.0,159.0,196.0,2020-09-15
161.0,105.0,107.0,156.0,63.0,150.0,109.0,168.0,311.0,312.0,154.0,190.0,161.0,228.0,195.0,222.0,863.0,835.0,777.0,546.0,465.0,1387.0,226.0,143.0,2020-09-16
176.0,3194.0,3195.0,3276.0,3162.0,3247.0,3160.0,168.0,291.0,144.0,165.0,191.0,111.0,202.0,112.0,221.0,159.0,1886.0,3406.0,1904.0,211.0,264.0,111.0,114.0,2020-09-17
175.0,3179.0,3257.0,3174.0,3204.0,3202.0,3188.0,303.0,1152.0,236.0,128.0,203.0,134.0,178.0,159.0,211.0,230.0,104.0,338.0,209.0,188.0,396.0,296.0,103.0,2020-09-18
154.0,3156.0,3228.0,3164.0,1947.0,229.0,126.0,174.0,246.0,330.0,260.0,492.0,632.0,341.0,135.0,87.0,158.0,81.0,158.0,73.0,198.0,238.0,367.0,312.0,2020-09-19
133.0,3229.0,3211.0,3255.0,3215.0,2900.0,415.0,150.0,138.0,278.0,421.0,259.0,90.0,148.0,65.0,869.0,1069.0,169.0,177.0,112.0,746.0,250.0,166.0,177.0,2020-09-20
175.0,123.0,123.0,105.0,130.0,87.0,174.0,119.0,280.0,113.0,1179.0,605.0,132.0,170.0,108.0,181.0,134.0,172.0,124.0,174.0,997.0,213.0,162.0,99.0,2020-09-21
1184.0,96.0,108.0,121.0,78.0,139.0,70.0,183.0,216.0,310.0,342.0,286.0,366.0,247.0,222.0,313.0,254.0,260.0,116.0,114.0,130.0,547.0,137.0,122.0,2020-09-22
150.0,91.0,129.0,77.0,140.0,73.0,254.0,64.0,252.0,127.0,143.0,184.0,105.0,186.0,102.0,182.0,161.0,142.0,299.0,128.0,342.0,258.0,144.0,189.0,2020-09-23
109.0,3203.0,3221.0,3211.0,3258.0,3214.0,3249.0,72.0,989.0,440.0,171.0,124.0,155.0,134.0,761.0,660.0,234.0,171.0,149.0,90.0,289.0,179.0,138.0,169.0,2020-09-24
156.0,180.0,237.0,95.0,136.0,80.0,139.0,79.0,294.0,118.0,179.0,142.0,150.0,123.0,133.0,195.0,104.0,133.0,101.0,265.0,623.0,1115.0,165.0,150.0,2020-09-25
83.0,135.0,77.0,126.0,70.0,129.0,87.0,106.0,226.0,312.0,229.0,217.0,230.0,314.0,357.0,609.0,1082.0,150.0,151.0,68.0,393.0,478.0,281.0,135.0,2020-09-26
107.0,112.0,111.0,99.0,124.0,80.0,136.0,78.0,202.0,242.0,358.0,108.0,173.0,1131.0,1092.0,232.0,292.0,615.0,816.0,152.0,243.0,717.0,297.0,109.0,2020-09-27
163.0,3180.0,3223.0,3163.0,3231.0,2223.0,372.0,83.0,168.0,213.0,252.0,133.0,163.0,151.0,329.0,1190.0,249.0,120.0,130.0,75.0,395.0,235.0,223.0,122.0,2020-09-28
174.0,3157.0,3231.0,3183.0,3276.0,1631.0,205.0,196.0,271.0,389.0,274.0,630.0,236.0,270.0,142.0,160.0,172.0,92.0,170.0,83.0,812.0,363.0,248.0,237.0,2020-09-29
1144.0,187.0,138.0,74.0,134.0,70.0,163.0,103.0,257.0,115.0,175.0,124.0,186.0,141.0,145.0,160.0,126.0,151.0,81.0,144.0,79.0,249.0,112.0,185.0,2020-09-30
133.0,95.0,127.0,73.0,144.0,72.0,126.0,113.0,264.0,1992.0,3261.0,3218.0,3196.0,2508.0,142.0,188.0,104.0,141.0,109.0,134.0,95.0,97.0,271.0,76.0,2020-10-01
135.0,67.0,128.0,70.0,123.0,95.0,101.0,462.0,397.0,181.0,820.0,402.0,1622.0,167.0,103.0,155.0,2681.0,976.0,99.0,102.0,120.0,79.0,145.0,66.0,2020-10-02
220.0,3164.0,3222.0,3194.0,3226.0,3219.0,3188.0,141.0,207.0,271.0,266.0,146.0,186.0,98.0,120.0,207.0,271.0,148.0,174.0,129.0,129.0,883.0,593.0,147.0,2020-10-03
88.0,3232.0,3192.0,3202.0,3193.0,3143.0,744.0,109.0,125.0,290.0,187.0,529.0,140.0,606.0,797.0,552.0,225.0,222.0,147.0,81.0,711.0,333.0,219.0,104.0,2020-10-04
88.0,139.0,72.0,158.0,77.0,139.0,126.0,161.0,253.0,205.0,177.0,118.0,180.0,116.0,176.0,107.0,176.0,94.0,136.0,101.0,250.0,317.0,94.0,100.0,2020-10-05
142.0,91.0,151.0,86.0,135.0,78.0,116.0,125.0,1136.0,479.0,507.0,538.0,237.0,498.0,210.0,172.0,150.0,116.0,197.0,109.0,452.0,753.0,217.0,188.0,2020-10-06
157.0,3231.0,3152.0,3239.0,3151.0,3221.0,2373.0,122.0,255.0,137.0,149.0,230.0,276.0,141.0,174.0,149.0,177.0,136.0,164.0,119.0,293.0,361.0,121.0,187.0,2020-10-07
114.0,3235.0,3228.0,3224.0,3246.0,3163.0,2882.0,114.0,217.0,100.0,106.0,96.0,102.0,141.0,91.0,157.0,91.0,140.0,74.0,133.0,1066.0,880.0,121.0,108.0,2020-10-08
127.0,75.0,146.0,76.0,140.0,73.0,665.0,291.0,281.0,138.0,160.0,767.0,206.0,179.0,87.0,170.0,109.0,188.0,100.0,164.0,154.0,1091.0,280.0,189.0,2020-10-09
131.0,70.0,145.0,68.0,140.0,70.0,124.0,71.0,120.0,122.0,260.0,154.0,431.0,130.0,112.0,184.0,1291.0,227.0,150.0,79.0,210.0,528.0,400.0,271.0,2020-10-10
161.0,149.0,90.0,110.0,109.0,85.0,131.0,121.0,205.0,314.0,281.0,113.0,177.0,95.0,303.0,154.0,243.0,247.0,201.0,190.0,220.0,700.0,1195.0,467.0,2020-10-11
138.0,106.0,132.0,105.0,130.0,111.0,133.0,104.0,199.0,202.0,244.0,995.0,642.0,965.0,834.0,244.0,245.0,156.0,192.0,126.0,648.0,677.0,1694.0,566.0,2020-10-12
554.0,3375.0,3239.0,3170.0,3243.0,3213.0,3216.0,177.0,208.0,221.0,170.0,285.0,2130.0,529.0,786.0,477.0,375.0,193.0,872.0,566.0,69.0,325.0,145.0,123.0,2020-10-13
93.0,117.0,89.0,118.0,88.0,122.0,150.0,127.0,155.0,189.0,109.0,154.0,111.0,195.0,284.0,111.0,144.0,1052.0,632.0,102.0,646.0,1238.0,331.0,189.0,2020-10-14
118.0,145.0,82.0,135.0,78.0,132.0,110.0,133.0,100.0,512.0,256.0,257.0,214.0,350.0,1300.0,577.0,190.0,152.0,155.0,152.0,532.0,211.0,134.0,135.0,2020-10-15
140.0,80.0,130.0,89.0,115.0,86.0,114.0,133.0,413.0,176.0,598.0,598.0,249.0,204.0,374.0,175.0,647.0,953.0,142.0,139.0,449.0,1756.0,301.0,982.0,2020-10-16
220.0,111.0,134.0,96.0,133.0,109.0,126.0,112.0,121.0,203.0,1176.0,422.0,138.0,631.0,985.0,195.0,86.0,178.0,174.0,434.0,324.0,510.0,903.0,416.0,2020-10-17
79.0,130.0,79.0,130.0,99.0,109.0,120.0,87.0,177.0,252.0,227.0,914.0,685.0,70.0,114.0,72.0,112.0,100.0,83.0,126.0,1063.0,1388.0,230.0,202.0,2020-10-18
119.0,132.0,94.0,121.0,91.0,129.0,130.0,143.0,144.0,303.0,226.0,234.0,210.0,320.0,320.0,1263.0,149.0,187.0,117.0,174.0,821.0,311.0,118.0,170.0,2020-10-19
79.0,3230.0,3171.0,3202.0,3166.0,3224.0,3164.0,156.0,487.0,220.0,190.0,319.0,862.0,914.0,793.0,166.0,168.0,100.0,157.0,274.0,352.0,271.0,95.0,134.0,2020-10-20
83.0,3278.0,3278.0,3199.0,3260.0,2619.0,475.0,86.0,1026.0,144.0,149.0,156.0,117.0,180.0,141.0,264.0,204.0,236.0,149.0,272.0,969.0,232.0,167.0,144.0,2020-10-21
163.0,3154.0,3214.0,3151.0,3211.0,3161.0,2861.0,94.0,267.0,119.0,144.0,159.0,105.0,174.0,98.0,258.0,241.0,1484.0,127.0,207.0,242.0,163.0,125.0,96.0,2020-10-22
136.0,64.0,148.0,73.0,117.0,79.0,179.0,87.0,287.0,112.0,785.0,1203.0,803.0,252.0,201.0,197.0,485.0,178.0,226.0,247.0,1039.0,318.0,336.0,172.0,2020-10-23
123.0,107.0,128.0,61.0,129.0,66.0,111.0,75.0,106.0,133.0,106.0,285.0,164.0,155.0,233.0,448.0,815.0,278.0,222.0,243.0,110.0,71.0,140.0,1353.0,2020-10-24
120.0,87.0,136.0,65.0,126.0,85.0,105.0,109.0,250.0,202.0,154.0,206.0,143.0,191.0,167.0,161.0,138.0,111.0,207.0,634.0,1539.0,414.0,192.0,60.0,2020-10-26
3211.0,3185.0,3197.0,3170.0,3184.0,3223.0,105.0,181.0,271.0,354.0,611.0,846.0,295.0,166.0,152.0,106.0,181.0,86.0,119.0,312.0,581.0,192.0,140.0,77.0,2020-10-27
3184.0,3183.0,2698.0,472.0,79.0,105.0,102.0,140.0,272.0,141.0,347.0,155.0,234.0,166.0,367.0,1319.0,193.0,139.0,171.0,172.0,351.0,171.0,142.0,126.0,2020-10-28
145.0,111.0,107.0,114.0,89.0,122.0,169.0,131.0,210.0,198.0,151.0,154.0,144.0,145.0,179.0,208.0,239.0,88.0,162.0,894.0,522.0,465.0,129.0,149.0,2020-10-29
3174.0,3220.0,3182.0,3242.0,3180.0,3213.0,255.0,1299.0,205.0,140.0,741.0,226.0,190.0,184.0,122.0,285.0,567.0,109.0,139.0,85.0,245.0,246.0,263.0,122.0,2020-10-30
182.0,158.0,84.0,138.0,69.0,122.0,77.0,115.0,124.0,257.0,248.0,96.0,215.0,80.0,139.0,63.0,123.0,73.0,116.0,81.0,103.0,102.0,81.0,188.0,2020-10-31
87.0,3229.0,3152.0,3233.0,3190.0,3239.0,3171.0,111.0,232.0,167.0,105.0,77.0,121.0,60.0,130.0,62.0,122.0,73.0,113.0,80.0,104.0,97.0,87.0,2400.0,2020-11-01
3187.0,3241.0,3168.0,3227.0,3164.0,3206.0,3162.0,3239.0,3303.0,3370.0,1707.0,1335.0,157.0,271.0,206.0,61.0,131.0,52.0,128.0,216.0,605.0,296.0,219.0,85.0,2020-11-02
166.0,80.0,119.0,73.0,121.0,100.0,146.0,65.0,275.0,128.0,232.0,144.0,196.0,113.0,185.0,127.0,176.0,118.0,310.0,718.0,535.0,204.0,216.0,103.0,2020-11-03
201.0,87.0,161.0,90.0,131.0,89.0,134.0,138.0,304.0,191.0,246.0,164.0,149.0,111.0,1432.0,174.0,186.0,168.0,186.0,195.0,401.0,300.0,232.0,149.0,2020-11-04
183.0,3191.0,3224.0,3242.0,3204.0,3251.0,3217.0,192.0,354.0,166.0,167.0,193.0,178.0,150.0,917.0,346.0,1238.0,102.0,349.0,378.0,855.0,1186.0,158.0,153.0,2020-11-05
117.0,3224.0,3206.0,3269.0,3206.0,3226.0,2189.0,190.0,180.0,197.0,148.0,159.0,765.0,242.0,651.0,228.0,378.0,83.0,164.0,206.0,309.0,297.0,189.0,111.0,2020-11-06
98.0,136.0,70.0,153.0,56.0,143.0,82.0,123.0,127.0,254.0,327.0,144.0,141.0,69.0,130.0,77.0,318.0,242.0,199.0,220.0,294.0,330.0,336.0,223.0,2020-11-07
70.0,3216.0,3163.0,3248.0,3234.0,3168.0,3206.0,108.0,134.0,180.0,591.0,3072.0,135.0,104.0,68.0,103.0,90.0,87.0,112.0,301.0,322.0,239.0,226.0,79.0,2020-11-08
106.0,3184.0,3203.0,3225.0,3223.0,3211.0,2506.0,151.0,158.0,230.0,320.0,153.0,222.0,103.0,212.0,1140.0,677.0,767.0,384.0,256.0,418.0,604.0,194.0,157.0,2020-11-09
99.0,120.0,89.0,121.0,102.0,108.0,114.0,100.0,948.0,684.0,163.0,215.0,210.0,150.0,138.0,124.0,150.0,175.0,75.0,128.0,1487.0,339.0,114.0,126.0,2020-11-10
124.0,3164.0,3219.0,3180.0,3195.0,2712.0,617.0,148.0,107.0,281.0,175.0,206.0,124.0,151.0,455.0,542.0,148.0,113.0,222.0,158.0,1073.0,308.0,211.0,94.0,2020-11-11
152.0,70.0,124.0,75.0,109.0,77.0,116.0,184.0,206.0,163.0,121.0,184.0,136.0,171.0,116.0,148.0,163.0,111.0,1347.0,199.0,367.0,165.0,164.0,82.0,2020-11-12
150.0,3162.0,3257.0,3170.0,3234.0,3179.0,2340.0,124.0,186.0,167.0,102.0,162.0,67.0,142.0,1076.0,283.0,1030.0,593.0,423.0,229.0,326.0,305.0,299.0,76.0,2020-11-13
150.0,88.0,119.0,79.0,118.0,109.0,91.0,119.0,109.0,222.0,262.0,241.0,1733.0,3290.0,3183.0,3217.0,1749.0,366.0,286.0,966.0,750.0,191.0,86.0,134.0,2020-11-14
92.0,123.0,98.0,115.0,104.0,110.0,107.0,111.0,103.0,116.0,95.0,125.0,88.0,133.0,87.0,122.0,95.0,116.0,104.0,106.0,124.0,87.0,138.0,72.0,2020-11-15
139.0,85.0,125.0,95.0,116.0,97.0,113.0,110.0,99.0,125.0,82.0,137.0,71.0,138.0,90.0,125.0,96.0,119.0,110.0,107.0,125.0,93.0,130.0,88.0,2020-11-16
132.0,84.0,135.0,80.0,138.0,74.0,138.0,71.0,134.0,91.0,115.0,96.0,110.0,106.0,103.0,130.0,81.0,143.0,86.0,135.0,82.0,132.0,90.0,123.0,2020-11-17
94.0,114.0,97.0,111.0,112.0,91.0,129.0,78.0,134.0,85.0,121.0,96.0,114.0,129.0,174.0,122.0,489.0,459.0,346.0,138.0,118.0,98.0,131.0,80.0,2020-11-18
137.0,72.0,135.0,93.0,113.0,94.0,109.0,95.0,111.0,108.0,95.0,127.0,83.0,133.0,95.0,115.0,98.0,136.0,153.0,104.0,119.0,97.0,142.0,74.0,2020-11-19
146.0,72.0,146.0,73.0,144.0,80.0,135.0,89.0,126.0,94.0,119.0,96.0,118.0,108.0,107.0,119.0,92.0,146.0,74.0,145.0,74.0,143.0,82.0,134.0,2020-11-20
92.0,123.0,95.0,115.0,110.0,103.0,137.0,74.0,139.0,82.0,128.0,95.0,116.0,100.0,110.0,118.0,95.0,131.0,89.0,131.0,85.0,133.0,88.0,128.0,2020-11-21
94.0,116.0,98.0,114.0,111.0,101.0,124.0,87.0,137.0,71.0,136.0,77.0,130.0,95.0,110.0,114.0,94.0,142.0,71.0,257.0,532.0,938.0,607.0,673.0,2020-11-22
579.0,3794.0,3348.0,3213.0,3261.0,3180.0,3194.0,143.0,373.0,150.0,196.0,107.0,139.0,132.0,116.0,162.0,86.0,176.0,303.0,390.0,349.0,313.0,173.0,116.0,2020-11-23
114.0,3160.0,3248.0,3176.0,3037.0,621.0,141.0,126.0,266.0,163.0,125.0,168.0,97.0,183.0,703.0,653.0,142.0,190.0,615.0,1701.0,826.0,710.0,531.0,201.0,2020-11-24
181.0,77.0,124.0,81.0,115.0,73.0,207.0,159.0,278.0,135.0,217.0,174.0,207.0,154.0,704.0,707.0,1714.0,619.0,636.0,708.0,679.0,665.0,268.0,137.0,2020-11-25
69.0,3241.0,3170.0,3251.0,3147.0,3213.0,3162.0,205.0,381.0,1326.0,3270.0,3221.0,3656.0,2824.0,171.0,85.0,156.0,118.0,169.0,138.0,1105.0,3780.0,3617.0,3612.0,2020-11-26
3529.0,3590.0,3218.0,3204.0,3161.0,3170.0,3228.0,151.0,292.0,109.0,186.0,121.0,207.0,134.0,1363.0,1215.0,770.0,473.0,282.0,217.0,252.0,423.0,151.0,151.0,2020-11-27
105.0,138.0,98.0,128.0,100.0,134.0,100.0,178.0,177.0,143.0,261.0,208.0,1685.0,99.0,200.0,589.0,3330.0,3192.0,3441.0,3209.0,3293.0,3379.0,3443.0,3301.0,2020-11-28
3262.0,801.0,151.0,98.0,127.0,93.0,127.0,103.0,113.0,125.0,80.0,208.0,1379.0,332.0,892.0,296.0,230.0,236.0,101.0,196.0,687.0,264.0,155.0,119.0,2020-11-29
123.0,289.0,118.0,59.0,134.0,85.0,172.0,120.0,393.0,1660.0,580.0,220.0,222.0,154.0,320.0,207.0,218.0,174.0,161.0,377.0,1678.0,243.0,143.0,138.0,2020-11-30
99.0,98.0,99.0,92.0,109.0,84.0,114.0,104.0,173.0,257.0,239.0,193.0,135.0,485.0,212.0,205.0,118.0,247.0,274.0,284.0,142.0,922.0,599.0,126.0,2020-12-01
115.0,3202.0,3199.0,3185.0,2331.0,341.0,144.0,171.0,203.0,166.0,923.0,176.0,136.0,138.0,610.0,225.0,131.0,221.0,359.0,354.0,1204.0,347.0,152.0,219.0,2020-12-02
139.0,151.0,103.0,138.0,103.0,137.0,136.0,202.0,242.0,131.0,245.0,215.0,251.0,207.0,244.0,112.0,148.0,120.0,195.0,346.0,460.0,185.0,151.0,86.0,2020-12-03
135.0,75.0,116.0,75.0,111.0,118.0,147.0,127.0,440.0,1187.0,196.0,179.0,149.0,147.0,133.0,156.0,203.0,172.0,211.0,224.0,268.0,309.0,226.0,118.0,2020-12-04
89.0,114.0,85.0,111.0,81.0,118.0,86.0,103.0,119.0,221.0,1424.0,359.0,119.0,138.0,89.0,134.0,100.0,180.0,158.0,118.0,214.0,251.0,674.0,265.0,2020-12-05
191.0,3269.0,3275.0,3248.0,3220.0,3190.0,3216.0,111.0,194.0,531.0,271.0,1427.0,184.0,79.0,151.0,80.0,145.0,78.0,301.0,205.0,370.0,249.0,310.0,95.0,2020-12-06
157.0,3164.0,3203.0,3187.0,3212.0,3173.0,3217.0,153.0,168.0,527.0,715.0,598.0,618.0,564.0,439.0,264.0,272.0,226.0,255.0,181.0,416.0,318.0,405.0,140.0,2020-12-07
73.0,3216.0,3181.0,3208.0,3202.0,3206.0,1171.0,177.0,228.0,297.0,206.0,70.0,102.0,71.0,102.0,71.0,97.0,75.0,93.0,423.0,1688.0,1771.0,104.0,163.0,2020-12-08
90.0,3218.0,3149.0,3203.0,3162.0,3163.0,2305.0,158.0,261.0,187.0,143.0,167.0,571.0,341.0,729.0,939.0,1061.0,722.0,585.0,839.0,463.0,445.0,90.0,143.0,2020-12-09
63.0,3218.0,3148.0,3220.0,3160.0,3214.0,1885.0,165.0,266.0,185.0,126.0,185.0,100.0,153.0,92.0,140.0,93.0,138.0,103.0,132.0,99.0,267.0,141.0,78.0,2020-12-10
131.0,3153.0,3244.0,3157.0,3223.0,3143.0,3168.0,183.0,1015.0,1117.0,565.0,230.0,105.0,191.0,104.0,167.0,235.0,175.0,206.0,278.0,397.0,311.0,259.0,110.0,2020-12-11
158.0,3193.0,3210.0,3173.0,3211.0,1672.0,227.0,77.0,188.0,172.0,244.0,173.0,230.0,102.0,126.0,76.0,112.0,157.0,232.0,213.0,300.0,266.0,272.0,68.0,2020-12-12
114.0,68.0,110.0,69.0,109.0,71.0,103.0,118.0,138.0,311.0,238.0,224.0,178.0,139.0,66.0,136.0,63.0,151.0,185.0,493.0,367.0,223.0,98.0,124.0,2020-12-13
81.0,3211.0,3170.0,3200.0,3213.0,3193.0,2824.0,243.0,266.0,1647.0,326.0,234.0,153.0,196.0,128.0,240.0,134.0,244.0,161.0,516.0,272.0,251.0,148.0,186.0,2020-12-14
95.0,3233.0,3197.0,3214.0,3197.0,1869.0,273.0,179.0,271.0,111.0,118.0,88.0,124.0,92.0,114.0,68.0,152.0,92.0,199.0,135.0,213.0,191.0,144.0,65.0,2020-12-15
118.0,3162.0,3188.0,3189.0,3215.0,3158.0,3187.0,187.0,430.0,205.0,150.0,263.0,156.0,116.0,2083.0,1038.0,514.0,277.0,329.0,384.0,253.0,232.0,118.0,136.0,2020-12-16
92.0,3214.0,2493.0,429.0,70.0,98.0,70.0,210.0,288.0,130.0,212.0,156.0,2117.0,3207.0,3291.0,2994.0,158.0,150.0,332.0,195.0,1386.0,390.0,88.0,169.0,2020-12-17
80.0,155.0,73.0,151.0,73.0,148.0,196.0,199.0,292.0,847.0,717.0,208.0,95.0,164.0,130.0,182.0,171.0,254.0,301.0,430.0,248.0,316.0,164.0,177.0,2020-12-18
87.0,124.0,80.0,118.0,80.0,114.0,80.0,111.0,156.0,251.0,92.0,107.0,94.0,100.0,103.0,341.0,3409.0,3333.0,3341.0,1502.0,195.0,3034.0,3429.0,3317.0,2020-12-19
3318.0,3179.0,3274.0,3203.0,3284.0,2288.0,375.0,55.0,250.0,370.0,314.0,186.0,240.0,185.0,84.0,945.0,155.0,191.0,225.0,268.0,735.0,615.0,929.0,103.0,2020-12-20
106.0,88.0,116.0,73.0,129.0,64.0,125.0,154.0,387.0,237.0,638.0,166.0,177.0,148.0,178.0,273.0,168.0,105.0,301.0,353.0,1108.0,3783.0,3350.0,3224.0,2020-12-21
3160.0,3203.0,3169.0,3211.0,3163.0,1550.0,201.0,177.0,286.0,201.0,150.0,210.0,162.0,195.0,102.0,265.0,241.0,269.0,1323.0,203.0,244.0,497.0,200.0,118.0,2020-12-22
78.0,107.0,83.0,102.0,82.0,100.0,83.0,172.0,201.0,323.0,1465.0,674.0,163.0,163.0,638.0,254.0,550.0,274.0,169.0,187.0,943.0,348.0,265.0,240.0,2020-12-23
139.0,3189.0,3210.0,3138.0,3196.0,3150.0,3214.0,172.0,187.0,240.0,338.0,660.0,1538.0,969.0,180.0,100.0,257.0,153.0,557.0,525.0,635.0,1140.0,968.0,703.0,2020-12-24
126.0,158.0,89.0,103.0,101.0,76.0,118.0,123.0,195.0,203.0,278.0,233.0,166.0,69.0,112.0,950.0,985.0,519.0,147.0,360.0,524.0,320.0,95.0,129.0,2020-12-25
3168.0,3194.0,3166.0,3201.0,3160.0,3228.0,3176.0,3200.0,2166.0,395.0,307.0,164.0,136.0,122.0,83.0,110.0,84.0,208.0,234.0,255.0,318.0,244.0,266.0,107.0,2020-12-26
112.0,82.0,110.0,80.0,111.0,76.0,114.0,70.0,144.0,305.0,354.0,1061.0,248.0,102.0,148.0,102.0,296.0,698.0,713.0,702.0,737.0,608.0,617.0,297.0,2020-12-27
179.0,3171.0,3225.0,3156.0,3222.0,3161.0,1710.0,119.0,168.0,1867.0,689.0,229.0,234.0,116.0,134.0,88.0,147.0,117.0,167.0,169.0,1204.0,242.0,238.0,115.0,2020-12-28
95.0,3201.0,3186.0,3185.0,3192.0,3181.0,2408.0,141.0,173.0,286.0,284.0,213.0,182.0,139.0,182.0,178.0,638.0,990.0,130.0,916.0,447.0,396.0,216.0,107.0,2020-12-29
111.0,88.0,113.0,72.0,113.0,92.0,179.0,132.0,151.0,256.0,118.0,109.0,119.0,103.0,102.0,86.0,109.0,166.0,173.0,231.0,247.0,365.0,165.0,96.0,2020-12-30
97.0,98.0,89.0,102.0,82.0,106.0,76.0,196.0,178.0,347.0,154.0,168.0,95.0,159.0,75.0,913.0,1364.0,671.0,317.0,251.0,386.0,362.0,405.0,320.0,2020-12-31
208.0,3171.0,3233.0,3202.0,3245.0,3212.0,3221.0,130.0,154.0,119.0,119.0,312.0,486.0,1019.0,107.0,2192.0,3402.0,3321.0,3335.0,107.0,135.0,206.0,170.0,96.0,2021-01-01
92.0,3157.0,3166.0,3159.0,3149.0,3156.0,3170.0,99.0,134.0,294.0,217.0,262.0,361.0,1261.0,214.0,185.0,98.0,135.0,209.0,207.0,99.0,145.0,392.0,280.0,2021-01-02
157.0,119.0,70.0,112.0,69.0,108.0,70.0,120.0,150.0,239.0,375.0,400.0,163.0,168.0,97.0,148.0,103.0,182.0,222.0,222.0,353.0,303.0,242.0,185.0,2021-01-03
116.0,113.0,71.0,103.0,71.0,102.0,79.0,450.0,2122.0,1294.0,996.0,868.0,172.0,146.0,85.0,121.0,80.0,124.0,294.0,331.0,758.0,2244.0,463.0,3264.0,2021-01-04
3212.0,3244.0,3144.0,3174.0,3139.0,3164.0,3156.0,3495.0,4048.0,1259.0,766.0,195.0,166.0,163.0,762.0,792.0,397.0,575.0,588.0,722.0,615.0,959.0,660.0,138.0,2021-01-05
126.0,88.0,100.0,88.0,91.0,91.0,89.0,174.0,302.0,136.0,157.0,219.0,107.0,176.0,408.0,3550.0,3458.0,3746.0,3726.0,3482.0,3784.0,4224.0,4017.0,3903.0,2021-01-06
2500.0,281.0,116.0,64.0,123.0,60.0,480.0,297.0,633.0,1075.0,1494.0,263.0,2181.0,2791.0,2421.0,2376.0,2437.0,2379.0,2188.0,2776.0,2640.0,2244.0,285.0,80.0,2021-01-07
112.0,73.0,113.0,66.0,115.0,65.0,109.0,154.0,1287.0,1549.0,1656.0,2127.0,1681.0,1597.0,1563.0,1467.0,1604.0,1548.0,1716.0,854.0,448.0,2312.0,1735.0,150.0,2021-01-08
151.0,167.0,131.0,189.0,119.0,198.0,105.0,192.0,118.0,781.0,822.0,379.0,158.0,119.0,145.0,608.0,443.0,826.0,368.0,316.0,1197.0,1778.0,232.0,111.0,2021-01-09
157.0,87.0,171.0,78.0,151.0,80.0,166.0,868.0,1522.0,519.0,279.0,187.0,159.0,111.0,2925.0,2324.0,2300.0,3387.0,2284.0,2290.0,2365.0,2259.0,184.0,180.0,2021-01-10
167.0,214.0,160.0,118.0,143.0,120.0,133.0,156.0,974.0,2358.0,2195.0,1855.0,159.0,213.0,469.0,196.0,213.0,216.0,282.0,378.0,654.0,335.0,144.0,140.0,2021-01-11
141.0,131.0,136.0,124.0,139.0,111.0,138.0,1326.0,2281.0,1237.0,1852.0,1664.0,272.0,588.0,1015.0,256.0,171.0,181.0,150.0,952.0,1419.0,507.0,162.0,203.0,2021-01-12
149.0,168.0,129.0,157.0,111.0,156.0,103.0,251.0,279.0,361.0,264.0,308.0,926.0,621.0,716.0,406.0,251.0,206.0,148.0,185.0,589.0,2045.0,463.0,209.0,2021-01-13
94.0,182.0,112.0,193.0,117.0,181.0,124.0,268.0,206.0,307.0,228.0,275.0,197.0,337.0,204.0,215.0,166.0,208.0,226.0,243.0,301.0,395.0,119.0,151.0,2021-01-14
118.0,130.0,153.0,102.0,150.0,113.0,130.0,162.0,234.0,1458.0,1419.0,416.0,1122.0,431.0,1006.0,239.0,108.0,148.0,116.0,262.0,138.0,192.0,261.0,216.0,2021-01-15
100.0,104.0,105.0,90.0,104.0,87.0,107.0,81.0,196.0,291.0,267.0,339.0,210.0,139.0,1050.0,138.0,1039.0,546.0,219.0,310.0,170.0,124.0,157.0,132.0,2021-01-16
170.0,109.0,142.0,108.0,141.0,110.0,136.0,122.0,151.0,244.0,257.0,265.0,307.0,197.0,90.0,164.0,87.0,168.0,87.0,276.0,415.0,315.0,246.0,155.0,2021-01-17
129.0,131.0,137.0,105.0,154.0,86.0,151.0,205.0,221.0,262.0,330.0,733.0,343.0,686.0,1262.0,877.0,860.0,159.0,319.0,257.0,1629.0,795.0,790.0,129.0,2021-01-18
170.0,123.0,163.0,124.0,153.0,120.0,150.0,213.0,951.0,596.0,611.0,578.0,219.0,1135.0,610.0,246.0,225.0,240.0,247.0,345.0,554.0,387.0,259.0,188.0,2021-01-19
120.0,163.0,87.0,158.0,104.0,142.0,107.0,207.0,397.0,796.0,2714.0,3557.0,3038.0,2322.0,2281.0,2173.0,2237.0,2128.0,2176.0,1032.0,496.0,244.0,148.0,3522.0,2021-01-20
3502.0,3406.0,3467.0,3403.0,3422.0,1428.0,209.0,180.0,278.0,237.0,183.0,220.0,155.0,171.0,125.0,1395.0,1446.0,1137.0,260.0,338.0,712.0,452.0,129.0,142.0,2021-01-21
88.0,122.0,80.0,116.0,89.0,109.0,171.0,224.0,531.0,1622.0,721.0,173.0,189.0,138.0,243.0,107.0,192.0,127.0,323.0,175.0,230.0,259.0,288.0,225.0,2021-01-22
135.0,114.0,112.0,96.0,101.0,98.0,165.0,156.0,983.0,2224.0,393.0,199.0,158.0,489.0,1497.0,1509.0,1477.0,1505.0,1375.0,397.0,381.0,409.0,285.0,3986.0,2021-01-23
3463.0,3510.0,3455.0,3484.0,3440.0,2007.0,287.0,152.0,165.0,269.0,347.0,250.0,206.0,159.0,213.0,135.0,202.0,128.0,352.0,400.0,527.0,651.0,519.0,834.0,2021-01-24
194.0,123.0,159.0,113.0,166.0,97.0,234.0,116.0,1708.0,704.0,782.0,191.0,198.0,163.0,187.0,222.0,228.0,170.0,310.0,286.0,332.0,263.0,174.0,189.0,2021-01-25
109.0,176.0,96.0,176.0,102.0,225.0,221.0,327.0,306.0,199.0,182.0,173.0,187.0,160.0,194.0,134.0,186.0,143.0,251.0,288.0,895.0,1644.0,564.0,72.0,2021-01-26
140.0,78.0,122.0,83.0,116.0,83.0,111.0,191.0,302.0,1575.0,164.0,257.0,122.0,341.0,596.0,748.0,198.0,203.0,127.0,281.0,1408.0,773.0,132.0,172.0,2021-01-27
107.0,123.0,116.0,102.0,98.0,94.0,168.0,112.0,278.0,89.0,172.0,91.0,180.0,97.0,460.0,237.0,2183.0,1879.0,183.0,187.0,728.0,340.0,136.0,183.0,2021-01-28
105.0,144.0,83.0,134.0,107.0,104.0,123.0,123.0,1802.0,3287.0,2664.0,2182.0,2180.0,2253.0,3135.0,2114.0,2208.0,2153.0,735.0,192.0,327.0,404.0,276.0,103.0,2021-01-29
154.0,3424.0,3479.0,3452.0,3479.0,3449.0,3452.0,197.0,169.0,219.0,557.0,302.0,238.0,981.0,204.0,126.0,80.0,281.0,181.0,250.0,273.0,400.0,247.0,225.0,2021-01-30
106.0,3515.0,2557.0,489.0,96.0,156.0,89.0,155.0,131.0,716.0,948.0,314.0,283.0,264.0,150.0,144.0,135.0,155.0,169.0,347.0,326.0,430.0,148.0,148.0,2021-01-31
116.0,3498.0,3471.0,3516.0,3455.0,3216.0,1209.0,740.0,1742.0,1330.0,771.0,218.0,146.0,177.0,187.0,214.0,202.0,174.0,185.0,187.0,381.0,372.0,145.0,101.0,2021-02-01
142.0,84.0,146.0,80.0,141.0,95.0,214.0,238.0,346.0,265.0,758.0,2229.0,780.0,1899.0,2192.0,2205.0,2084.0,2204.0,1479.0,262.0,402.0,287.0,119.0,188.0,2021-02-02
103.0,182.0,112.0,171.0,125.0,204.0,171.0,284.0,350.0,1100.0,2185.0,2206.0,2169.0,329.0,1226.0,1125.0,1265.0,306.0,219.0,193.0,335.0,361.0,190.0,100.0,2021-02-03
175.0,98.0,162.0,109.0,150.0,115.0,275.0,192.0,345.0,145.0,237.0,235.0,157.0,230.0,303.0,145.0,240.0,177.0,212.0,958.0,1017.0,408.0,218.0,108.0,2021-02-04
182.0,3448.0,3515.0,3465.0,3510.0,3476.0,3518.0,213.0,1081.0,1125.0,694.0,384.0,255.0,137.0,168.0,155.0,168.0,122.0,133.0,293.0,362.0,353.0,187.0,137.0,2021-02-05
111.0,145.0,94.0,151.0,86.0,157.0,75.0,225.0,185.0,426.0,246.0,243.0,107.0,279.0,93.0,167.0,97.0,199.0,168.0,383.0,531.0,328.0,306.0,187.0,2021-02-06
90.0,3499.0,3429.0,3503.0,3539.0,3542.0,3449.0,207.0,304.0,450.0,223.0,226.0,149.0,199.0,92.0,224.0,93.0,248.0,118.0,515.0,1509.0,1078.0,184.0,123.0,2021-02-07
79.0,3449.0,3397.0,3452.0,2896.0,570.0,258.0,218.0,232.0,666.0,176.0,195.0,147.0,142.0,314.0,2141.0,989.0,243.0,286.0,513.0,602.0,255.0,111.0,103.0,2021-02-08
93.0,95.0,96.0,90.0,101.0,85.0,160.0,285.0,2200.0,2150.0,2175.0,2119.0,2171.0,2143.0,2257.0,2148.0,2170.0,1910.0,139.0,282.0,298.0,287.0,104.0,172.0,2021-02-09
86.0,111.0,79.0,108.0,78.0,129.0,111.0,240.0,1828.0,2610.0,2221.0,2735.0,2703.0,1763.0,274.0,1889.0,2142.0,190.0,154.0,1368.0,843.0,986.0,95.0,119.0,2021-02-10
71.0,3471.0,3404.0,3451.0,3379.0,3441.0,3115.0,167.0,292.0,157.0,128.0,144.0,150.0,132.0,180.0,138.0,231.0,171.0,185.0,79.0,639.0,170.0,149.0,68.0,2021-02-11
145.0,63.0,147.0,61.0,145.0,59.0,213.0,133.0,614.0,694.0,1169.0,142.0,203.0,235.0,170.0,109.0,128.0,83.0,195.0,269.0,332.0,327.0,270.0,166.0,2021-02-12
111.0,3479.0,3423.0,3507.0,3449.0,3517.0,3033.0,167.0,222.0,236.0,285.0,329.0,153.0,84.0,123.0,69.0,136.0,63.0,138.0,73.0,121.0,747.0,3681.0,3537.0,2021-02-13
3466.0,3453.0,3471.0,3459.0,3416.0,3467.0,3409.0,3302.0,759.0,430.0,1110.0,316.0,125.0,169.0,139.0,143.0,141.0,116.0,127.0,131.0,1040.0,930.0,1411.0,507.0,2021-02-14
539.0,487.0,442.0,104.0,131.0,108.0,192.0,164.0,177.0,1875.0,197.0,262.0,114.0,173.0,973.0,614.0,123.0,214.0,168.0,211.0,217.0,273.0,136.0,115.0,2021-02-15
135.0,85.0,148.0,69.0,147.0,116.0,170.0,174.0,293.0,158.0,162.0,178.0,142.0,175.0,123.0,219.0,113.0,183.0,154.0,364.0,274.0,328.0,86.0,145.0,2021-02-16
95.0,3468.0,3472.0,3461.0,3451.0,3533.0,3550.0,140.0,1952.0,2154.0,2194.0,2142.0,2164.0,1593.0,379.0,205.0,132.0,156.0,212.0,330.0,2218.0,1352.0,703.0,517.0,2021-02-17
539.0,464.0,510.0,89.0,123.0,78.0,228.0,98.0,605.0,673.0,925.0,213.0,108.0,169.0,111.0,816.0,192.0,764.0,226.0,341.0,808.0,2240.0,423.0,141.0,2021-02-18
67.0,123.0,75.0,114.0,76.0,114.0,201.0,105.0,92.0,97.0,108.0,77.0,126.0,60.0,130.0,66.0,119.0,83.0,234.0,250.0,350.0,298.0,135.0,150.0,2021-02-19
123.0,3533.0,3456.0,3530.0,3447.0,3526.0,3509.0,227.0,279.0,353.0,131.0,201.0,123.0,183.0,1543.0,1312.0,349.0,317.0,275.0,214.0,303.0,348.0,393.0,179.0,2021-02-20
143.0,98.0,150.0,86.0,159.0,84.0,150.0,97.0,315.0,307.0,247.0,124.0,222.0,106.0,149.0,95.0,138.0,126.0,3227.0,3754.0,3721.0,3661.0,3673.0,3518.0,2021-02-21
3486.0,3430.0,3503.0,3447.0,2662.0,390.0,172.0,222.0,261.0,262.0,217.0,355.0,107.0,529.0,339.0,1419.0,1336.0,329.0,267.0,224.0,684.0,246.0,261.0,102.0,2021-02-22
153.0,99.0,142.0,103.0,125.0,150.0,129.0,260.0,300.0,202.0,118.0,197.0,144.0,234.0,225.0,150.0,151.0,141.0,183.0,232.0,406.0,264.0,206.0,82.0,2021-02-23
137.0,90.0,123.0,98.0,111.0,124.0,154.0,196.0,344.0,195.0,917.0,206.0,133.0,140.0,255.0,124.0,161.0,120.0,183.0,151.0,287.0,460.0,183.0,151.0,2021-02-24
93.0,3503.0,3431.0,3479.0,3442.0,3442.0,2912.0,147.0,357.0,110.0,169.0,107.0,137.0,110.0,1383.0,516.0,147.0,176.0,146.0,286.0,1139.0,249.0,110.0,128.0,2021-02-25
122.0,103.0,140.0,79.0,144.0,108.0,191.0,1927.0,295.0,913.0,2194.0,2117.0,2132.0,2637.0,173.0,655.0,601.0,717.0,199.0,314.0,328.0,348.0,261.0,229.0,2021-02-26
94.0,3501.0,3447.0,3485.0,3468.0,3472.0,3463.0,87.0,218.0,481.0,301.0,335.0,184.0,147.0,949.0,1066.0,958.0,200.0,116.0,150.0,209.0,527.0,336.0,229.0,2021-02-27
85.0,3479.0,3422.0,3471.0,3425.0,3472.0,1709.0,103.0,253.0,341.0,358.0,342.0,156.0,88.0,131.0,103.0,116.0,124.0,93.0,397.0,376.0,336.0,131.0,128.0,2021-02-28
99.0,139.0,70.0,134.0,84.0,116.0,170.0,160.0,849.0,1368.0,760.0,971.0,2228.0,2121.0,2201.0,2137.0,2210.0,2112.0,2282.0,1584.0,3920.0,3594.0,3501.0,3429.0,2021-03-01
3491.0,3402.0,3493.0,3424.0,2256.0,310.0,166.0,205.0,305.0,182.0,148.0,182.0,127.0,754.0,105.0,178.0,116.0,192.0,147.0,167.0,595.0,1006.0,131.0,126.0,2021-03-02
134.0,3455.0,3483.0,3471.0,2511.0,371.0,94.0,268.0,309.0,168.0,176.0,152.0,157.0,146.0,168.0,583.0,714.0,256.0,145.0,218.0,308.0,484.0,163.0,129.0,2021-03-03
129.0,97.0,144.0,76.0,146.0,88.0,128.0,157.0,380.0,170.0,236.0,224.0,161.0,202.0,1366.0,996.0,162.0,189.0,129.0,193.0,322.0,388.0,219.0,217.0,2021-03-04
191.0,149.0,149.0,154.0,133.0,150.0,179.0,165.0,305.0,1620.0,683.0,219.0,155.0,131.0,152.0,145.0,130.0,110.0,198.0,214.0,371.0,425.0,322.0,121.0,2021-03-05
180.0,3435.0,3524.0,3421.0,3489.0,3436.0,3392.0,316.0,336.0,326.0,881.0,246.0,180.0,123.0,304.0,491.0,217.0,82.0,120.0,134.0,129.0,255.0,330.0,307.0,2021-03-06
1343.0,157.0,116.0,148.0,131.0,126.0,147.0,182.0,236.0,257.0,283.0,240.0,207.0,291.0,143.0,184.0,333.0,307.0,176.0,424.0,1405.0,281.0,120.0,177.0,2021-03-07
100.0,3523.0,3461.0,3518.0,3435.0,3490.0,3411.0,628.0,692.0,1385.0,147.0,222.0,147.0,163.0,159.0,302.0,154.0,256.0,188.0,319.0,483.0,426.0,205.0,124.0,2021-03-08
204.0,3471.0,3523.0,3461.0,3536.0,3478.0,3562.0,206.0,323.0,182.0,117.0,212.0,139.0,222.0,185.0,127.0,192.0,134.0,245.0,1069.0,460.0,293.0,198.0,151.0,2021-03-09
159.0,3506.0,3497.0,3467.0,3483.0,3475.0,1795.0,147.0,372.0,144.0,183.0,148.0,606.0,1431.0,973.0,513.0,201.0,99.0,201.0,137.0,500.0,250.0,220.0,204.0,2021-03-10
190.0,109.0,154.0,131.0,164.0,134.0,151.0,224.0,299.0,156.0,185.0,137.0,189.0,284.0,186.0,145.0,179.0,177.0,172.0,234.0,502.0,282.0,135.0,139.0,2021-03-11
107.0,161.0,83.0,187.0,84.0,164.0,123.0,142.0,521.0,1690.0,626.0,294.0,130.0,723.0,450.0,226.0,159.0,192.0,153.0,288.0,365.0,368.0,169.0,222.0,2021-03-12
113.0,3498.0,3458.0,3532.0,3476.0,3527.0,3445.0,164.0,223.0,259.0,234.0,269.0,169.0,158.0,77.0,158.0,85.0,174.0,120.0,176.0,108.0,155.0,131.0,309.0,2021-03-13
271.0,3457.0,3458.0,3440.0,3463.0,3456.0,3485.0,107.0,212.0,279.0,318.0,224.0,186.0,97.0,184.0,102.0,180.0,109.0,179.0,731.0,1028.0,319.0,437.0,743.0,2021-03-14
592.0,3493.0,3535.0,3478.0,3498.0,3446.0,3488.0,210.0,355.0,133.0,147.0,166.0,124.0,210.0,107.0,600.0,924.0,180.0,112.0,260.0,342.0,343.0,167.0,137.0,2021-03-15
119.0,109.0,134.0,91.0,148.0,107.0,196.0,176.0,533.0,624.0,221.0,393.0,753.0,711.0,693.0,1872.0,507.0,221.0,153.0,193.0,347.0,405.0,117.0,175.0,2021-03-16
84.0,161.0,77.0,163.0,81.0,153.0,94.0,247.0,321.0,163.0,153.0,234.0,976.0,1105.0,202.0,451.0,739.0,286.0,239.0,189.0,167.0,185.0,135.0,130.0,2021-03-17
119.0,3455.0,3473.0,3431.0,3464.0,3418.0,2480.0,95.0,248.0,111.0,223.0,129.0,198.0,114.0,200.0,115.0,173.0,92.0,193.0,108.0,671.0,313.0,249.0,82.0,2021-03-18
165.0,90.0,160.0,83.0,161.0,79.0,226.0,149.0,186.0,352.0,283.0,1393.0,498.0,115.0,466.0,324.0,386.0,160.0,188.0,125.0,246.0,287.0,167.0,111.0,2021-03-19
127.0,3461.0,3438.0,3447.0,3462.0,3444.0,3509.0,152.0,439.0,416.0,354.0,191.0,299.0,99.0,146.0,97.0,139.0,98.0,139.0,198.0,445.0,349.0,320.0,173.0,2021-03-20
116.0,3488.0,3465.0,3496.0,3463.0,3522.0,3404.0,172.0,98.0,437.0,734.0,234.0,718.0,810.0,166.0,170.0,180.0,137.0,161.0,108.0,1976.0,446.0,230.0,141.0,2021-03-21
144.0,122.0,151.0,116.0,153.0,118.0,239.0,160.0,331.0,1097.0,1498.0,197.0,206.0,160.0,216.0,128.0,188.0,140.0,213.0,734.0,692.0,213.0,164.0,104.0,2021-03-22
152.0,3427.0,3477.0,3476.0,3479.0,3522.0,1779.0,290.0,172.0,168.0,128.0,182.0,123.0,249.0,103.0,158.0,106.0,181.0,122.0,225.0,885.0,1497.0,3916.0,3943.0,2021-03-23
3908.0,3957.0,1706.0,213.0,83.0,145.0,181.0,397.0,263.0,1967.0,2836.0,323.0,122.0,165.0,187.0,447.0,1078.0,1025.0,187.0,423.0,158.0,241.0,180.0,102.0,2021-03-24
131.0,79.0,141.0,73.0,148.0,83.0,136.0,156.0,264.0,119.0,185.0,107.0,188.0,135.0,201.0,186.0,152.0,94.0,208.0,171.0,736.0,350.0,149.0,131.0,2021-03-25
100.0,140.0,85.0,157.0,79.0,156.0,140.0,168.0,248.0,452.0,248.0,273.0,122.0,165.0,130.0,409.0,125.0,185.0,135.0,135.0,86.0,124.0,106.0,104.0,2021-03-26
127.0,82.0,145.0,66.0,151.0,85.0,131.0,100.0,114.0,134.0,94.0,134.0,73.0,141.0,72.0,135.0,86.0,121.0,95.0,113.0,113.0,96.0,140.0,79.0,2021-03-27
82.0,127.0,88.0,123.0,109.0,110.0,133.0,90.0,149.0,72.0,144.0,71.0,137.0,86.0,123.0,90.0,119.0,109.0,103.0,125.0,85.0,142.0,67.0,144.0,2021-03-29
78.0,136.0,88.0,130.0,98.0,114.0,124.0,173.0,170.0,96.0,136.0,85.0,132.0,1263.0,115.0,114.0,97.0,132.0,78.0,147.0,73.0,136.0,84.0,126.0,2021-03-30
90.0,118.0,108.0,100.0,127.0,84.0,141.0,69.0,138.0,83.0,121.0,91.0,115.0,112.0,95.0,133.0,75.0,146.0,74.0,137.0,85.0,126.0,98.0,112.0,2021-03-31
118.0,93.0,136.0,73.0,146.0,75.0,135.0,84.0,125.0,97.0,111.0,116.0,92.0,135.0,72.0,145.0,78.0,135.0,86.0,128.0,99.0,113.0,118.0,94.0,2021-04-01
137.0,74.0,146.0,76.0,134.0,84.0,125.0,98.0,110.0,118.0,89.0,180.0,73.0,143.0,71.0,135.0,86.0,123.0,92.0,115.0,110.0,96.0,129.0,77.0,2021-04-02
142.0,68.0,132.0,84.0,121.0,103.0,103.0,123.0,81.0,141.0,63.0,142.0,81.0,219.0,202.0,298.0,202.0,132.0,90.0,118.0,105.0,100.0,123.0,83.0,2021-04-03
137.0,66.0,141.0,73.0,131.0,85.0,119.0,89.0,111.0,107.0,93.0,126.0,75.0,192.0,105.0,224.0,251.0,295.0,185.0,162.0,289.0,369.0,247.0,170.0,2021-04-04
110.0,157.0,89.0,153.0,81.0,157.0,73.0,315.0,140.0,180.0,125.0,158.0,128.0,158.0,153.0,136.0,167.0,101.0,144.0,468.0,880.0,1693.0,999.0,100.0,2021-04-05
140.0,107.0,129.0,103.0,131.0,96.0,135.0,123.0,279.0,149.0,164.0,136.0,170.0,122.0,193.0,122.0,152.0,121.0,485.0,368.0,1379.0,4428.0,4029.0,4038.0,2021-04-06
3915.0,3902.0,3454.0,3475.0,3428.0,3461.0,1148.0,221.0,968.0,588.0,203.0,120.0,196.0,1051.0,299.0,554.0,319.0,115.0,145.0,85.0,188.0,682.0,153.0,107.0,2021-04-07
120.0,111.0,110.0,118.0,102.0,127.0,89.0,260.0,236.0,156.0,97.0,173.0,91.0,142.0,115.0,139.0,104.0,146.0,142.0,203.0,1528.0,996.0,675.0,142.0,2021-04-08
79.0,3504.0,3430.0,3505.0,3434.0,3451.0,3437.0,681.0,372.0,689.0,211.0,202.0,158.0,144.0,174.0,105.0,142.0,84.0,152.0,97.0,262.0,875.0,3746.0,3544.0,2021-04-09
3454.0,3486.0,3506.0,3476.0,3501.0,3435.0,3486.0,3418.0,3113.0,811.0,166.0,1398.0,176.0,211.0,384.0,969.0,833.0,199.0,121.0,107.0,199.0,437.0,312.0,71.0,2021-04-10
158.0,79.0,148.0,84.0,144.0,91.0,136.0,156.0,221.0,243.0,234.0,155.0,131.0,155.0,120.0,180.0,253.0,291.0,118.0,219.0,324.0,334.0,147.0,145.0,2021-04-11
81.0,144.0,80.0,138.0,85.0,127.0,90.0,187.0,243.0,2154.0,3516.0,3446.0,3478.0,2402.0,432.0,165.0,2231.0,509.0,274.0,132.0,331.0,266.0,194.0,124.0,2021-04-12
72.0,131.0,68.0,124.0,66.0,121.0,60.0,219.0,185.0,177.0,100.0,146.0,108.0,147.0,315.0,246.0,219.0,140.0,164.0,280.0,1465.0,279.0,177.0,82.0,2021-04-13
139.0,62.0,124.0,70.0,112.0,84.0,94.0,889.0,793.0,618.0,218.0,179.0,189.0,224.0,461.0,856.0,978.0,183.0,144.0,308.0,457.0,906.0,277.0,148.0,2021-04-14
66.0,138.0,74.0,132.0,82.0,106.0,102.0,181.0,350.0,127.0,169.0,114.0,158.0,173.0,181.0,97.0,177.0,104.0,274.0,406.0,1759.0,545.0,295.0,82.0,2021-04-15
143.0,61.0,150.0,69.0,144.0,61.0,144.0,113.0,258.0,78.0,182.0,90.0,172.0,561.0,167.0,80.0,173.0,81.0,156.0,96.0,155.0,121.0,367.0,304.0,2021-04-16
267.0,165.0,86.0,119.0,86.0,127.0,86.0,124.0,132.0,1510.0,96.0,306.0,123.0,151.0,69.0,964.0,164.0,70.0,243.0,180.0,112.0,136.0,493.0,1478.0,2021-04-17
102.0,152.0,68.0,133.0,64.0,129.0,74.0,114.0,153.0,973.0,225.0,399.0,203.0,75.0,125.0,61.0,132.0,84.0,131.0,53.0,413.0,1737.0,1498.0,209.0,2021-04-18
150.0,164.0,75.0,127.0,65.0,125.0,80.0,978.0,356.0,108.0,479.0,120.0,118.0,108.0,79.0,132.0,145.0,139.0,116.0,251.0,99.0,180.0,117.0,132.0,2021-04-19
79.0,134.0,73.0,128.0,82.0,128.0,72.0,210.0,277.0,176.0,97.0,157.0,144.0,179.0,116.0,159.0,91.0,160.0,87.0,193.0,811.0,1075.0,640.0,150.0,2021-04-20
128.0,141.0,123.0,170.0,92.0,160.0,161.0,279.0,204.0,180.0,93.0,176.0,93.0,450.0,272.0,680.0,613.0,242.0,137.0,159.0,151.0,916.0,537.0,386.0,2021-04-21
110.0,119.0,107.0,117.0,119.0,100.0,125.0,193.0,399.0,234.0,300.0,140.0,183.0,116.0,460.0,441.0,303.0,207.0,176.0,1231.0,1313.0,469.0,204.0,145.0,2021-04-22
95.0,142.0,88.0,137.0,84.0,153.0,96.0,191.0,286.0,1652.0,139.0,224.0,115.0,188.0,426.0,162.0,94.0,133.0,80.0,159.0,254.0,356.0,250.0,128.0,2021-04-23
89.0,3452.0,3453.0,1225.0,114.0,139.0,65.0,211.0,177.0,221.0,83.0,183.0,71.0,145.0,76.0,138.0,83.0,133.0,77.0,118.0,157.0,668.0,307.0,138.0,2021-04-24
84.0,3482.0,3443.0,3470.0,3457.0,2684.0,406.0,82.0,194.0,114.0,1472.0,192.0,532.0,228.0,1099.0,741.0,952.0,196.0,130.0,70.0,117.0,1280.0,227.0,102.0,2021-04-25
101.0,3454.0,3435.0,3480.0,3428.0,3490.0,3434.0,566.0,334.0,937.0,918.0,84.0,152.0,87.0,141.0,153.0,158.0,103.0,113.0,130.0,2020.0,408.0,68.0,130.0,2021-04-26
56.0,3491.0,3433.0,3476.0,1088.0,177.0,124.0,270.0,214.0,174.0,172.0,141.0,143.0,111.0,151.0,178.0,182.0,76.0,165.0,171.0,189.0,73.0,191.0,52.0,2021-04-27
160.0,3512.0,3454.0,3500.0,3429.0,2860.0,528.0,114.0,246.0,124.0,179.0,127.0,172.0,101.0,548.0,1713.0,611.0,391.0,299.0,95.0,125.0,122.0,149.0,129.0,2021-04-28
80.0,3501.0,3427.0,3507.0,3430.0,3456.0,3414.0,160.0,416.0,87.0,132.0,97.0,170.0,280.0,460.0,224.0,202.0,218.0,122.0,167.0,120.0,399.0,126.0,172.0,2021-04-29
62.0,3458.0,3424.0,3478.0,3454.0,3453.0,3525.0,177.0,369.0,1598.0,220.0,96.0,185.0,91.0,163.0,108.0,185.0,77.0,114.0,135.0,436.0,416.0,214.0,166.0,2021-04-30
75.0,3476.0,3379.0,3467.0,1748.0,232.0,76.0,111.0,364.0,257.0,221.0,91.0,227.0,104.0,103.0,70.0,98.0,89.0,77.0,109.0,57.0,115.0,64.0,99.0,2021-05-01
70.0,92.0,100.0,64.0,110.0,67.0,94.0,71.0,92.0,100.0,60.0,114.0,66.0,95.0,76.0,87.0,103.0,60.0,116.0,69.0,107.0,66.0,99.0,86.0,2021-05-02
80.0,109.0,55.0,119.0,53.0,113.0,67.0,92.0,83.0,80.0,113.0,50.0,117.0,65.0,99.0,72.0,88.0,103.0,62.0,119.0,63.0,102.0,69.0,98.0,2021-05-03
88.0,79.0,106.0,61.0,115.0,68.0,96.0,68.0,96.0,85.0,76.0,115.0,56.0,154.0,149.0,66.0,103.0,91.0,204.0,135.0,302.0,238.0,179.0,123.0,2021-05-04
3400.0,3473.0,3414.0,3508.0,3404.0,3451.0,3462.0,204.0,187.0,128.0,117.0,147.0,145.0,163.0,383.0,538.0,226.0,107.0,167.0,83.0,251.0,1353.0,137.0,87.0,2021-05-05
3433.0,3451.0,3439.0,3476.0,3400.0,3447.0,2198.0,110.0,213.0,109.0,147.0,135.0,189.0,593.0,160.0,85.0,159.0,92.0,122.0,102.0,128.0,96.0,135.0,104.0,2021-05-06
91.0,112.0,71.0,126.0,57.0,135.0,61.0,163.0,809.0,1115.0,501.0,191.0,92.0,174.0,92.0,473.0,125.0,190.0,102.0,178.0,163.0,362.0,140.0,166.0,2021-05-07
3464.0,3520.0,3442.0,3477.0,3423.0,3461.0,2367.0,350.0,132.0,316.0,1357.0,550.0,2616.0,151.0,153.0,141.0,172.0,112.0,188.0,112.0,170.0,132.0,151.0,191.0,2021-05-08
3499.0,3483.0,3445.0,3507.0,2101.0,275.0,70.0,208.0,90.0,140.0,1061.0,642.0,167.0,97.0,261.0,259.0,307.0,127.0,156.0,85.0,397.0,312.0,229.0,83.0,2021-05-09
260.0,79.0,135.0,79.0,135.0,79.0,233.0,98.0,486.0,1519.0,584.0,98.0,180.0,122.0,185.0,96.0,183.0,81.0,144.0,105.0,917.0,336.0,128.0,154.0,2021-05-10
78.0,131.0,69.0,127.0,59.0,129.0,50.0,230.0,180.0,168.0,99.0,171.0,108.0,152.0,185.0,152.0,122.0,521.0,858.0,151.0,559.0,629.0,765.0,193.0,2021-05-11
3397.0,3511.0,3417.0,3495.0,1039.0,680.0,579.0,718.0,446.0,206.0,145.0,118.0,148.0,112.0,1373.0,855.0,214.0,123.0,168.0,84.0,271.0,186.0,124.0,115.0,2021-05-12
79.0,128.0,70.0,129.0,56.0,138.0,54.0,225.0,215.0,195.0,95.0,173.0,86.0,166.0,179.0,199.0,118.0,156.0,149.0,148.0,112.0,171.0,139.0,83.0,2021-05-13
3449.0,3407.0,3443.0,3426.0,3467.0,3413.0,3521.0,583.0,560.0,577.0,1345.0,115.0,139.0,155.0,304.0,418.0,89.0,127.0,112.0,159.0,162.0,371.0,173.0,165.0,2021-05-14
83.0,152.0,109.0,130.0,129.0,86.0,124.0,170.0,255.0,162.0,154.0,194.0,4670.0,3423.0,609.0,156.0,154.0,128.0,85.0,134.0,2609.0,3636.0,3581.0,3519.0,2021-05-15
3428.0,3488.0,3412.0,3522.0,3429.0,2404.0,217.0,230.0,123.0,207.0,351.0,954.0,660.0,116.0,224.0,91.0,147.0,67.0,125.0,75.0,117.0,325.0,207.0,164.0,2021-05-16
3442.0,3511.0,3441.0,3506.0,3440.0,3444.0,3534.0,1039.0,330.0,524.0,213.0,164.0,206.0,112.0,216.0,149.0,169.0,160.0,121.0,255.0,1272.0,321.0,83.0,152.0,2021-05-17
81.0,157.0,61.0,143.0,62.0,170.0,135.0,468.0,1105.0,119.0,164.0,140.0,142.0,163.0,238.0,188.0,116.0,158.0,73.0,172.0,775.0,405.0,100.0,160.0,2021-05-18
3397.0,3497.0,3428.0,3496.0,3432.0,3477.0,1502.0,164.0,298.0,198.0,200.0,121.0,181.0,117.0,1390.0,504.0,235.0,106.0,193.0,100.0,191.0,599.0,3550.0,3402.0,2021-05-19
3506.0,3405.0,3511.0,2682.0,368.0,87.0,154.0,74.0,357.0,194.0,211.0,233.0,224.0,126.0,173.0,139.0,168.0,108.0,171.0,194.0,649.0,799.0,167.0,156.0,2021-05-20
3450.0,3461.0,3494.0,3467.0,3495.0,2095.0,286.0,105.0,425.0,1400.0,186.0,143.0,163.0,113.0,150.0,117.0,155.0,87.0,132.0,82.0,140.0,414.0,373.0,435.0,2021-05-21
328.0,297.0,133.0,167.0,94.0,137.0,127.0,103.0,219.0,252.0,409.0,178.0,154.0,69.0,151.0,74.0,145.0,78.0,140.0,80.0,141.0,81.0,146.0,198.0,2021-05-22
3467.0,3431.0,3483.0,3447.0,3520.0,3459.0,2049.0,205.0,134.0,121.0,370.0,304.0,189.0,125.0,427.0,155.0,330.0,251.0,84.0,542.0,2023.0,298.0,206.0,99.0,2021-05-23
343.0,63.0,154.0,60.0,152.0,86.0,162.0,167.0,1036.0,1294.0,193.0,183.0,187.0,157.0,142.0,285.0,213.0,289.0,199.0,253.0,649.0,336.0,162.0,89.0,2021-05-24
151.0,172.0,164.0,146.0,153.0,79.0,149.0,125.0,288.0,118.0,194.0,128.0,155.0,135.0,139.0,139.0,132.0,152.0,169.0,188.0,284.0,388.0,200.0,123.0,2021-05-25
3546.0,3491.0,3543.0,3485.0,3488.0,3475.0,1622.0,287.0,973.0,525.0,132.0,223.0,126.0,177.0,361.0,375.0,220.0,119.0,215.0,210.0,228.0,206.0,175.0,140.0,2021-05-26
164.0,74.0,142.0,84.0,124.0,127.0,109.0,195.0,147.0,197.0,122.0,198.0,131.0,143.0,157.0,109.0,197.0,2235.0,3573.0,537.0,152.0,236.0,193.0,186.0,2021-05-27
3464.0,3457.0,3475.0,3424.0,3501.0,3401.0,3480.0,3468.0,379.0,1272.0,203.0,202.0,116.0,184.0,113.0,159.0,179.0,356.0,669.0,210.0,299.0,339.0,169.0,110.0,2021-05-28
177.0,98.0,166.0,91.0,164.0,106.0,144.0,128.0,164.0,193.0,221.0,371.0,195.0,164.0,71.0,145.0,96.0,113.0,125.0,97.0,219.0,178.0,308.0,354.0,2021-05-29
3553.0,3530.0,3513.0,3523.0,3427.0,3513.0,3446.0,1062.0,132.0,95.0,318.0,115.0,158.0,121.0,178.0,286.0,244.0,303.0,214.0,158.0,129.0,579.0,984.0,72.0,2021-05-30
3487.0,3435.0,3478.0,3482.0,3394.0,835.0,71.0,157.0,246.0,490.0,306.0,159.0,186.0,127.0,148.0,217.0,121.0,184.0,172.0,158.0,661.0,281.0,178.0,181.0,2021-05-31
97.0,116.0,121.0,84.0,146.0,72.0,202.0,73.0,326.0,130.0,119.0,188.0,103.0,197.0,95.0,325.0,108.0,130.0,135.0,110.0,167.0,91.0,231.0,163.0,2021-06-01
151.0,150.0,64.0,157.0,151.0,103.0,173.0,210.0,185.0,162.0,115.0,145.0,176.0,86.0,1092.0,617.0,172.0,149.0,87.0,185.0,83.0,237.0,212.0,173.0,2021-06-02
3451.0,3516.0,3434.0,3500.0,3482.0,3469.0,3501.0,3433.0,360.0,180.0,206.0,267.0,168.0,137.0,532.0,177.0,135.0,113.0,164.0,82.0,140.0,383.0,266.0,156.0,2021-06-03
3403.0,3480.0,3500.0,3412.0,3505.0,3444.0,3029.0,541.0,208.0,1138.0,344.0,139.0,183.0,117.0,150.0,332.0,200.0,316.0,742.0,576.0,329.0,293.0,257.0,153.0,2021-06-04
152.0,166.0,97.0,108.0,128.0,71.0,157.0,58.0,148.0,226.0,345.0,312.0,197.0,106.0,127.0,143.0,82.0,159.0,83.0,138.0,123.0,307.0,361.0,208.0,2021-06-05
3487.0,3437.0,3408.0,3446.0,3377.0,3465.0,2725.0,421.0,110.0,162.0,374.0,573.0,611.0,581.0,518.0,525.0,550.0,72.0,151.0,73.0,311.0,474.0,536.0,591.0,2021-06-06
518.0,532.0,557.0,166.0,148.0,114.0,94.0,183.0,1050.0,753.0,447.0,210.0,182.0,90.0,209.0,339.0,307.0,155.0,66.0,209.0,1845.0,261.0,105.0,164.0,2021-06-07
169.0,93.0,167.0,112.0,141.0,156.0,92.0,285.0,285.0,95.0,168.0,155.0,121.0,184.0,94.0,179.0,132.0,119.0,198.0,855.0,927.0,609.0,192.0,264.0,2021-06-08
3482.0,3417.0,3488.0,3510.0,3439.0,3515.0,3829.0,685.0,275.0,203.0,254.0,438.0,255.0,858.0,759.0,848.0,680.0,450.0,524.0,633.0,464.0,256.0,247.0,213.0,2021-06-09
3517.0,3480.0,3470.0,3485.0,3473.0,3459.0,3461.0,2623.0,208.0,136.0,169.0,167.0,169.0,162.0,157.0,203.0,197.0,158.0,185.0,194.0,179.0,337.0,254.0,156.0,2021-06-10
178.0,167.0,157.0,148.0,69.0,158.0,149.0,214.0,293.0,886.0,734.0,206.0,187.0,152.0,117.0,779.0,683.0,149.0,130.0,67.0,175.0,480.0,374.0,208.0,2021-06-11
65.0,146.0,145.0,144.0,149.0,73.0,103.0,159.0,225.0,243.0,186.0,151.0,201.0,2862.0,3933.0,4005.0,4457.0,4366.0,4025.0,3282.0,192.0,166.0,144.0,182.0,2021-06-12
214.0,148.0,148.0,149.0,120.0,115.0,118.0,179.0,140.0,258.0,445.0,2461.0,733.0,185.0,84.0,98.0,79.0,72.0,84.0,77.0,83.0,73.0,127.0,155.0,2021-06-13
3611.0,3449.0,3403.0,3401.0,3407.0,3398.0,3310.0,620.0,193.0,1194.0,359.0,112.0,103.0,133.0,110.0,956.0,517.0,81.0,74.0,75.0,158.0,360.0,353.0,291.0,2021-06-14
281.0,278.0,156.0,72.0,75.0,74.0,71.0,76.0,222.0,460.0,412.0,378.0,119.0,127.0,278.0,1310.0,722.0,118.0,175.0,123.0,101.0,203.0,297.0,290.0,2021-06-15
3395.0,3413.0,3406.0,3417.0,3413.0,880.0,67.0,65.0,269.0,351.0,309.0,319.0,205.0,102.0,244.0,353.0,133.0,143.0,1343.0,510.0,447.0,749.0,801.0,78.0,2021-06-16
77.0,76.0,68.0,74.0,79.0,67.0,153.0,70.0,257.0,342.0,146.0,119.0,89.0,106.0,99.0,105.0,149.0,269.0,400.0,282.0,367.0,472.0,120.0,78.0,2021-06-17
3384.0,3417.0,3434.0,3419.0,3478.0,3423.0,3387.0,2498.0,239.0,1222.0,366.0,104.0,111.0,106.0,103.0,99.0,101.0,143.0,136.0,240.0,246.0,337.0,147.0,97.0,2021-06-18
3403.0,3427.0,3435.0,3434.0,1774.0,158.0,67.0,73.0,148.0,152.0,312.0,302.0,144.0,58.0,106.0,74.0,52.0,50.0,53.0,49.0,73.0,161.0,166.0,130.0,2021-06-19
78.0,76.0,75.0,78.0,92.0,125.0,80.0,78.0,115.0,105.0,285.0,225.0,612.0,1970.0,231.0,122.0,95.0,89.0,96.0,93.0,244.0,378.0,1249.0,97.0,2021-06-20
3436.0,3408.0,3414.0,3502.0,3479.0,3130.0,513.0,147.0,132.0,1107.0,575.0,145.0,99.0,103.0,273.0,166.0,114.0,122.0,115.0,106.0,817.0,201.0,83.0,91.0,2021-06-21
81.0,68.0,71.0,75.0,73.0,66.0,108.0,170.0,278.0,134.0,117.0,117.0,128.0,114.0,102.0,157.0,114.0,77.0,87.0,85.0,732.0,204.0,836.0,484.0,2021-06-22
67.0,62.0,63.0,72.0,66.0,64.0,64.0,184.0,161.0,272.0,182.0,209.0,107.0,228.0,650.0,495.0,262.0,132.0,141.0,116.0,109.0,171.0,217.0,123.0,2021-06-23
3417.0,3452.0,3429.0,3073.0,497.0,76.0,94.0,214.0,93.0,110.0,109.0,122.0,103.0,117.0,101.0,158.0,144.0,811.0,158.0,72.0,782.0,344.0,126.0,77.0,2021-06-24
3413.0,3419.0,3406.0,3421.0,2664.0,285.0,103.0,156.0,442.0,1260.0,361.0,133.0,122.0,122.0,100.0,130.0,135.0,134.0,96.0,76.0,123.0,259.0,267.0,140.0,2021-06-25
3398.0,3393.0,3392.0,3421.0,2073.0,181.0,72.0,72.0,73.0,151.0,206.0,306.0,174.0,141.0,139.0,278.0,224.0,234.0,103.0,409.0,102.0,121.0,91.0,163.0,2021-06-26
3450.0,3462.0,3467.0,2991.0,343.0,82.0,94.0,94.0,204.0,224.0,112.0,858.0,483.0,75.0,75.0,75.0,81.0,82.0,134.0,103.0,83.0,198.0,325.0,202.0,2021-06-27
3413.0,3440.0,959.0,71.0,67.0,70.0,78.0,67.0,141.0,230.0,321.0,487.0,65.0,56.0,44.0,47.0,59.0,44.0,111.0,69.0,50.0,47.0,46.0,52.0,2021-06-28
55.0,46.0,45.0,47.0,54.0,50.0,44.0,44.0,605.0,783.0,95.0,75.0,77.0,63.0,61.0,74.0,88.0,120.0,67.0,78.0,57.0,78.0,60.0,73.0,2021-06-29
57.0,43.0,46.0,45.0,53.0,54.0,44.0,44.0,51.0,55.0,45.0,45.0,51.0,56.0,44.0,44.0,55.0,58.0,105.0,55.0,58.0,51.0,47.0,46.0,2021-06-30
56.0,53.0,46.0,46.0,55.0,53.0,46.0,45.0,56.0,52.0,46.0,45.0,58.0,49.0,46.0,49.0,59.0,46.0,46.0,55.0,54.0,47.0,49.0,60.0,2021-07-01
46.0,46.0,62.0,47.0,46.0,59.0,50.0,45.0,70.0,121.0,74.0,49.0,48.0,47.0,58.0,52.0,48.0,47.0,57.0,54.0,48.0,49.0,57.0,54.0,2021-07-02
48.0,48.0,59.0,52.0,48.0,49.0,61.0,48.0,47.0,54.0,56.0,48.0,48.0,60.0,50.0,47.0,55.0,56.0,48.0,52.0,60.0,54.0,46.0,63.0,2021-07-03
105.0,67.0,52.0,49.0,57.0,54.0,48.0,48.0,54.0,56.0,48.0,47.0,52.0,58.0,47.0,47.0,52.0,59.0,48.0,48.0,525.0,1483.0,940.0,191.0,2021-07-04
150.0,90.0,104.0,89.0,90.0,128.0,97.0,147.0,226.0,423.0,128.0,119.0,156.0,519.0,620.0,708.0,701.0,362.0,95.0,74.0,130.0,1213.0,215.0,74.0,2021-07-05
3410.0,3428.0,3427.0,3416.0,3421.0,3422.0,3348.0,686.0,205.0,100.0,114.0,104.0,157.0,135.0,133.0,107.0,96.0,68.0,105.0,201.0,235.0,1309.0,356.0,242.0,2021-07-06
100.0,83.0,83.0,73.0,87.0,72.0,93.0,132.0,153.0,98.0,94.0,107.0,96.0,123.0,107.0,112.0,132.0,114.0,441.0,153.0,729.0,475.0,205.0,80.0,2021-07-07
3381.0,3395.0,3416.0,3399.0,2249.0,220.0,138.0,130.0,198.0,103.0,119.0,108.0,181.0,124.0,124.0,547.0,365.0,504.0,593.0,597.0,1083.0,733.0,208.0,98.0,2021-07-08
85.0,84.0,69.0,83.0,69.0,88.0,75.0,136.0,149.0,143.0,106.0,137.0,176.0,132.0,117.0,114.0,136.0,219.0,108.0,88.0,87.0,166.0,288.0,202.0,2021-07-09
156.0,785.0,3442.0,3447.0,3424.0,3416.0,3477.0,3433.0,122.0,129.0,203.0,185.0,1151.0,184.0,125.0,98.0,81.0,75.0,77.0,72.0,72.0,71.0,77.0,84.0,2021-07-10
3442.0,3419.0,3395.0,3418.0,3415.0,3100.0,415.0,68.0,73.0,176.0,302.0,151.0,630.0,99.0,492.0,1054.0,772.0,1142.0,1367.0,1091.0,1149.0,997.0,597.0,118.0,2021-07-11
106.0,97.0,124.0,109.0,87.0,88.0,109.0,181.0,229.0,1401.0,204.0,137.0,124.0,133.0,158.0,142.0,158.0,145.0,116.0,114.0,453.0,980.0,262.0,113.0,2021-07-12
110.0,96.0,109.0,105.0,105.0,95.0,106.0,201.0,225.0,157.0,162.0,169.0,166.0,173.0,159.0,221.0,191.0,146.0,241.0,146.0,139.0,127.0,169.0,152.0,2021-07-13
3476.0,3468.0,3462.0,3456.0,3515.0,3459.0,2316.0,242.0,193.0,121.0,143.0,134.0,141.0,150.0,211.0,880.0,1188.0,123.0,542.0,605.0,2035.0,1252.0,190.0,168.0,2021-07-14
133.0,132.0,136.0,124.0,179.0,163.0,187.0,161.0,176.0,151.0,165.0,142.0,136.0,117.0,147.0,172.0,539.0,782.0,904.0,771.0,589.0,584.0,186.0,169.0,2021-07-15
486.0,221.0,550.0,144.0,144.0,142.0,141.0,179.0,259.0,431.0,177.0,189.0,144.0,200.0,162.0,519.0,525.0,779.0,1486.0,3861.0,3494.0,3473.0,3465.0,3487.0,2021-07-16
3435.0,3469.0,3478.0,3459.0,3444.0,845.0,146.0,123.0,130.0,253.0,183.0,197.0,199.0,138.0,1257.0,1312.0,1588.0,1221.0,1311.0,4394.0,2151.0,537.0,129.0,121.0,2021-07-17
112.0,2762.0,3476.0,3456.0,3461.0,3461.0,3458.0,3548.0,132.0,108.0,272.0,304.0,140.0,106.0,114.0,3702.0,4661.0,4565.0,991.0,138.0,113.0,1691.0,3602.0,3474.0,2021-07-18
3466.0,3457.0,1448.0,260.0,110.0,105.0,176.0,111.0,185.0,594.0,443.0,430.0,431.0,614.0,775.0,812.0,857.0,827.0,882.0,934.0,1030.0,955.0,347.0,303.0,2021-07-19
111.0,108.0,107.0,103.0,106.0,109.0,100.0,129.0,231.0,177.0,201.0,181.0,186.0,196.0,309.0,335.0,239.0,1531.0,2742.0,1766.0,1857.0,852.0,259.0,123.0,2021-07-20
3415.0,3513.0,3451.0,3431.0,3437.0,2590.0,351.0,167.0,342.0,161.0,259.0,398.0,306.0,152.0,342.0,1845.0,452.0,117.0,1253.0,1293.0,1123.0,827.0,848.0,412.0,2021-07-21
139.0,126.0,114.0,116.0,117.0,116.0,126.0,172.0,225.0,381.0,435.0,467.0,722.0,785.0,805.0,826.0,674.0,766.0,1157.0,1002.0,1562.0,954.0,749.0,159.0,2021-07-22
3459.0,3477.0,3474.0,3461.0,3456.0,2168.0,242.0,139.0,287.0,1138.0,566.0,170.0,176.0,165.0,161.0,172.0,169.0,886.0,1318.0,1226.0,934.0,564.0,421.0,380.0,2021-07-23
1896.0,3809.0,3530.0,3498.0,3464.0,3474.0,3477.0,3562.0,883.0,133.0,131.0,130.0,137.0,127.0,134.0,136.0,135.0,129.0,139.0,128.0,131.0,193.0,156.0,142.0,2021-07-24
129.0,136.0,132.0,133.0,128.0,130.0,139.0,129.0,131.0,138.0,128.0,132.0,134.0,131.0,128.0,135.0,133.0,129.0,134.0,138.0,132.0,131.0,132.0,126.0,2021-07-25
139.0,182.0,160.0,137.0,135.0,126.0,132.0,136.0,134.0,129.0,130.0,130.0,139.0,133.0,131.0,134.0,135.0,131.0,135.0,136.0,134.0,129.0,135.0,131.0,2021-07-26
126.0,134.0,136.0,127.0,134.0,127.0,182.0,157.0,464.0,900.0,152.0,124.0,118.0,133.0,112.0,191.0,143.0,123.0,123.0,121.0,125.0,125.0,125.0,107.0,2021-07-27
89.0,105.0,105.0,101.0,102.0,104.0,97.0,102.0,108.0,100.0,105.0,102.0,99.0,110.0,102.0,106.0,102.0,104.0,114.0,144.0,153.0,105.0,107.0,103.0,2021-07-28
107.0,106.0,103.0,108.0,108.0,106.0,101.0,107.0,104.0,101.0,104.0,110.0,107.0,102.0,109.0,101.0,85.0,80.0,73.0,75.0,74.0,68.0,104.0,130.0,2021-07-29
75.0,76.0,75.0,71.0,75.0,73.0,72.0,78.0,75.0,77.0,81.0,72.0,71.0,77.0,69.0,69.0,76.0,78.0,72.0,74.0,74.0,69.0,75.0,79.0,2021-07-30
70.0,77.0,70.0,69.0,80.0,70.0,77.0,68.0,72.0,78.0,69.0,74.0,67.0,131.0,88.0,78.0,72.0,68.0,73.0,74.0,68.0,81.0,68.0,218.0,2021-07-31
218.0,124.0,117.0,116.0,111.0,108.0,113.0,100.0,110.0,133.0,264.0,396.0,194.0,464.0,597.0,370.0,584.0,858.0,1093.0,725.0,538.0,384.0,438.0,246.0,2021-08-01
3493.0,3482.0,3490.0,3484.0,3491.0,3474.0,3463.0,3445.0,157.0,154.0,246.0,139.0,137.0,141.0,167.0,130.0,86.0,606.0,745.0,544.0,650.0,372.0,353.0,282.0,2021-08-02
166.0,112.0,97.0,81.0,91.0,78.0,70.0,74.0,77.0,217.0,210.0,124.0,107.0,213.0,224.0,103.0,375.0,187.0,178.0,99.0,111.0,1104.0,155.0,143.0,2021-08-03
3441.0,3487.0,2114.0,252.0,105.0,111.0,107.0,102.0,101.0,143.0,155.0,150.0,137.0,641.0,149.0,440.0,572.0,365.0,133.0,116.0,97.0,398.0,1174.0,118.0,2021-08-04
307.0,97.0,98.0,110.0,96.0,95.0,103.0,103.0,219.0,387.0,279.0,133.0,126.0,109.0,164.0,822.0,702.0,639.0,150.0,137.0,126.0,150.0,127.0,157.0,2021-08-05
166.0,136.0,141.0,125.0,117.0,124.0,122.0,116.0,116.0,166.0,150.0,137.0,138.0,813.0,143.0,692.0,685.0,692.0,230.0,103.0,94.0,105.0,105.0,124.0,2021-08-06
3448.0,3440.0,3428.0,3442.0,3442.0,2379.0,306.0,122.0,100.0,95.0,93.0,94.0,122.0,104.0,97.0,92.0,93.0,106.0,99.0,102.0,102.0,94.0,103.0,98.0,2021-08-07
101.0,95.0,99.0,97.0,104.0,93.0,94.0,96.0,105.0,92.0,93.0,102.0,101.0,94.0,94.0,108.0,95.0,95.0,106.0,102.0,167.0,104.0,96.0,107.0,2021-08-08
99.0,98.0,94.0,97.0,104.0,100.0,95.0,92.0,94.0,98.0,97.0,98.0,98.0,99.0,99.0,100.0,100.0,98.0,97.0,71.0,65.0,64.0,68.0,71.0,2021-08-09
71.0,62.0,72.0,62.0,68.0,73.0,61.0,71.0,59.0,74.0,66.0,110.0,88.0,73.0,70.0,65.0,75.0,71.0,65.0,68.0,68.0,71.0,73.0,140.0,2021-08-10
1068.0,785.0,359.0,259.0,71.0,72.0,65.0,70.0,88.0,114.0,103.0,107.0,656.0,598.0,645.0,1130.0,944.0,1237.0,722.0,460.0,760.0,277.0,650.0,396.0,2021-08-11
81.0,384.0,312.0,296.0,263.0,76.0,65.0,67.0,65.0,127.0,608.0,430.0,418.0,111.0,461.0,1075.0,1003.0,349.0,98.0,111.0,1050.0,984.0,917.0,203.0,2021-08-12
123.0,113.0,112.0,112.0,119.0,106.0,107.0,104.0,102.0,174.0,443.0,736.0,232.0,551.0,372.0,1932.0,1006.0,1128.0,1133.0,1217.0,1502.0,684.0,299.0,972.0,2021-08-13
777.0,234.0,143.0,143.0,617.0,499.0,381.0,369.0,399.0,1380.0,1984.0,1784.0,1543.0,1952.0,1607.0,2129.0,1538.0,1267.0,1167.0,396.0,136.0,138.0,130.0,267.0,2021-08-14
568.0,414.0,407.0,223.0,132.0,391.0,345.0,319.0,326.0,240.0,309.0,781.0,1014.0,1491.0,848.0,1941.0,1634.0,1195.0,1186.0,562.0,114.0,122.0,106.0,121.0,2021-08-15
122.0,110.0,114.0,110.0,100.0,108.0,103.0,166.0,101.0,100.0,110.0,96.0,107.0,109.0,98.0,108.0,103.0,78.0,79.0,78.0,78.0,78.0,89.0,160.0,2021-08-16
145.0,156.0,122.0,90.0,73.0,69.0,77.0,131.0,77.0,69.0,73.0,64.0,68.0,73.0,65.0,78.0,114.0,83.0,116.0,116.0,73.0,77.0,79.0,67.0,2021-08-17
76.0,110.0,76.0,69.0,63.0,77.0,65.0,146.0,118.0,69.0,80.0,66.0,70.0,73.0,63.0,67.0,76.0,81.0,66.0,76.0,68.0,75.0,68.0,113.0,2021-08-18
73.0,70.0,78.0,67.0,67.0,72.0,67.0,127.0,74.0,71.0,65.0,69.0,68.0,63.0,76.0,70.0,71.0,67.0,83.0,126.0,73.0,69.0,69.0,91.0,2021-08-19
69.0,66.0,77.0,69.0,64.0,76.0,65.0,121.0,87.0,68.0,76.0,67.0,69.0,76.0,68.0,69.0,73.0,71.0,72.0,92.0,1104.0,1010.0,490.0,325.0,2021-08-20
3757.0,3487.0,3496.0,3503.0,2956.0,393.0,146.0,145.0,147.0,172.0,183.0,302.0,139.0,137.0,3166.0,3507.0,4093.0,4321.0,2649.0,897.0,203.0,153.0,145.0,145.0,2021-08-21
176.0,144.0,133.0,132.0,132.0,131.0,131.0,130.0,131.0,164.0,154.0,340.0,985.0,109.0,108.0,108.0,76.0,75.0,76.0,76.0,69.0,73.0,99.0,113.0,2021-08-22
72.0,67.0,77.0,68.0,77.0,67.0,70.0,73.0,156.0,1113.0,236.0,112.0,100.0,76.0,71.0,67.0,76.0,67.0,69.0,72.0,71.0,71.0,72.0,66.0,2021-08-23
74.0,69.0,73.0,67.0,69.0,68.0,78.0,68.0,107.0,95.0,78.0,74.0,67.0,73.0,68.0,63.0,76.0,69.0,68.0,68.0,68.0,74.0,75.0,68.0,2021-08-24
68.0,72.0,75.0,67.0,67.0,76.0,69.0,69.0,66.0,72.0,69.0,73.0,70.0,63.0,75.0,71.0,65.0,69.0,76.0,66.0,66.0,68.0,76.0,70.0,2021-08-25
127.0,73.0,72.0,68.0,68.0,71.0,67.0,73.0,73.0,68.0,66.0,70.0,73.0,69.0,68.0,69.0,66.0,72.0,67.0,76.0,66.0,70.0,65.0,75.0,2021-08-26
68.0,70.0,66.0,66.0,78.0,64.0,68.0,70.0,219.0,271.0,168.0,70.0,67.0,71.0,72.0,66.0,70.0,69.0,66.0,70.0,110.0,94.0,70.0,125.0,2021-08-27
87.0,72.0,71.0,70.0,69.0,67.0,66.0,65.0,65.0,82.0,78.0,72.0,65.0,67.0,69.0,65.0,70.0,65.0,71.0,69.0,69.0,70.0,63.0,72.0,2021-08-28
70.0,66.0,68.0,70.0,66.0,71.0,68.0,68.0,64.0,65.0,73.0,66.0,67.0,72.0,66.0,133.0,69.0,68.0,67.0,69.0,70.0,72.0,62.0,76.0,2021-08-29
66.0,63.0,73.0,66.0,67.0,66.0,66.0,67.0,67.0,62.0,77.0,66.0,63.0,69.0,66.0,68.0,68.0,66.0,67.0,68.0,69.0,63.0,75.0,68.0,2021-08-30
68.0,83.0,80.0,73.0,66.0,64.0,66.0,137.0,77.0,66.0,71.0,67.0,63.0,160.0,3893.0,4147.0,4327.0,3710.0,2108.0,87.0,134.0,1076.0,325.0,141.0,2021-08-31
150.0,138.0,147.0,136.0,126.0,123.0,125.0,159.0,115.0,116.0,138.0,230.0,240.0,1016.0,1673.0,199.0,155.0,188.0,188.0,219.0,146.0,159.0,345.0,314.0,2021-09-01
3536.0,3486.0,3471.0,3471.0,3464.0,3207.0,587.0,154.0,132.0,135.0,160.0,171.0,128.0,106.0,96.0,88.0,101.0,251.0,163.0,120.0,157.0,2258.0,3834.0,3106.0,2021-09-02
337.0,70.0,80.0,92.0,87.0,78.0,74.0,540.0,844.0,501.0,161.0,147.0,90.0,97.0,728.0,2229.0,3015.0,406.0,229.0,128.0,116.0,110.0,119.0,111.0,2021-09-03
104.0,105.0,116.0,108.0,104.0,107.0,112.0,106.0,114.0,106.0,102.0,113.0,112.0,106.0,106.0,137.0,158.0,112.0,121.0,113.0,106.0,104.0,108.0,116.0,2021-09-04
106.0,104.0,110.0,115.0,104.0,103.0,115.0,109.0,103.0,107.0,116.0,104.0,103.0,134.0,160.0,117.0,116.0,818.0,4472.0,4345.0,3563.0,3621.0,3588.0,3496.0,2021-09-05
3514.0,3469.0,3460.0,3456.0,1899.0,192.0,106.0,157.0,140.0,85.0,84.0,92.0,91.0,83.0,97.0,85.0,155.0,108.0,90.0,124.0,1769.0,277.0,154.0,93.0,2021-09-06
3462.0,3467.0,3432.0,3420.0,3401.0,3394.0,739.0,185.0,152.0,85.0,93.0,94.0,85.0,93.0,89.0,92.0,155.0,100.0,94.0,84.0,1064.0,313.0,226.0,180.0,2021-09-07
156.0,135.0,128.0,127.0,122.0,106.0,148.0,149.0,176.0,135.0,117.0,98.0,105.0,107.0,437.0,662.0,627.0,263.0,101.0,105.0,108.0,925.0,469.0,97.0,2021-09-08
3433.0,3426.0,3456.0,3433.0,3505.0,2213.0,267.0,123.0,217.0,129.0,145.0,143.0,133.0,139.0,196.0,129.0,536.0,239.0,104.0,106.0,308.0,373.0,169.0,98.0,2021-09-09
157.0,116.0,103.0,91.0,91.0,94.0,100.0,154.0,219.0,1316.0,211.0,215.0,115.0,145.0,152.0,202.0,211.0,101.0,130.0,150.0,265.0,371.0,381.0,326.0,2021-09-10
3464.0,3478.0,3458.0,3535.0,1802.0,211.0,119.0,123.0,123.0,209.0,318.0,163.0,93.0,106.0,153.0,115.0,100.0,164.0,179.0,89.0,94.0,86.0,84.0,83.0,2021-09-11
1792.0,3419.0,3442.0,3425.0,3424.0,3150.0,458.0,91.0,127.0,151.0,109.0,211.0,145.0,126.0,175.0,286.0,409.0,326.0,117.0,104.0,939.0,368.0,141.0,95.0,2021-09-12
75.0,81.0,68.0,77.0,68.0,69.0,76.0,90.0,284.0,1156.0,79.0,149.0,69.0,65.0,98.0,118.0,77.0,64.0,131.0,217.0,1037.0,427.0,175.0,92.0,2021-09-13
3425.0,3446.0,3436.0,2702.0,301.0,107.0,98.0,102.0,181.0,89.0,91.0,98.0,88.0,88.0,92.0,98.0,87.0,86.0,165.0,239.0,311.0,308.0,291.0,96.0,2021-09-14
93.0,88.0,87.0,92.0,88.0,87.0,92.0,92.0,177.0,99.0,166.0,114.0,113.0,131.0,257.0,455.0,160.0,81.0,72.0,75.0,161.0,271.0,342.0,123.0,2021-09-15
3471.0,3460.0,3469.0,3441.0,3450.0,3430.0,3415.0,829.0,186.0,98.0,103.0,116.0,132.0,136.0,178.0,121.0,119.0,262.0,163.0,116.0,450.0,1125.0,437.0,285.0,2021-09-16
112.0,113.0,162.0,117.0,93.0,87.0,89.0,98.0,147.0,1095.0,475.0,115.0,95.0,84.0,83.0,97.0,88.0,84.0,148.0,115.0,131.0,281.0,265.0,173.0,2021-09-17
3414.0,3441.0,3435.0,3442.0,1562.0,156.0,86.0,83.0,99.0,218.0,359.0,149.0,92.0,85.0,84.0,87.0,91.0,88.0,83.0,84.0,90.0,212.0,323.0,306.0,2021-09-18
161.0,104.0,89.0,98.0,86.0,87.0,90.0,94.0,99.0,147.0,730.0,884.0,190.0,114.0,100.0,101.0,94.0,88.0,86.0,89.0,97.0,289.0,247.0,111.0,2021-09-19
3426.0,3431.0,3504.0,3456.0,3426.0,3435.0,3425.0,1760.0,426.0,1374.0,429.0,137.0,88.0,85.0,93.0,95.0,86.0,156.0,125.0,235.0,626.0,156.0,96.0,93.0,2021-09-20
107.0,113.0,109.0,102.0,96.0,99.0,101.0,230.0,178.0,95.0,90.0,93.0,98.0,96.0,88.0,101.0,89.0,81.0,96.0,257.0,1154.0,177.0,176.0,115.0,2021-09-21
3406.0,3445.0,3428.0,3441.0,3509.0,1202.0,129.0,153.0,278.0,127.0,118.0,122.0,100.0,94.0,352.0,583.0,142.0,92.0,75.0,71.0,145.0,1158.0,925.0,78.0,2021-09-22
83.0,83.0,75.0,67.0,61.0,68.0,77.0,248.0,170.0,136.0,168.0,185.0,100.0,101.0,87.0,288.0,97.0,151.0,101.0,144.0,980.0,796.0,162.0,83.0,2021-09-23
3402.0,3396.0,3416.0,3405.0,3419.0,3407.0,2153.0,251.0,989.0,875.0,406.0,147.0,90.0,67.0,62.0,60.0,59.0,67.0,70.0,114.0,141.0,201.0,297.0,263.0,2021-09-24
121.0,105.0,88.0,105.0,143.0,121.0,93.0,95.0,154.0,240.0,311.0,185.0,207.0,158.0,103.0,113.0,110.0,181.0,117.0,108.0,244.0,347.0,341.0,236.0,2021-09-25
3510.0,3485.0,3469.0,3480.0,3458.0,3444.0,918.0,118.0,157.0,215.0,330.0,906.0,155.0,148.0,410.0,1324.0,290.0,256.0,123.0,117.0,263.0,366.0,199.0,121.0,2021-09-26
122.0,128.0,122.0,117.0,116.0,126.0,179.0,207.0,390.0,1288.0,744.0,242.0,129.0,122.0,116.0,115.0,127.0,126.0,130.0,145.0,252.0,301.0,88.0,80.0,2021-09-27
74.0,67.0,134.0,98.0,75.0,68.0,67.0,121.0,230.0,127.0,118.0,116.0,126.0,125.0,115.0,174.0,148.0,123.0,117.0,123.0,129.0,737.0,131.0,87.0,2021-09-28
81.0,75.0,76.0,77.0,71.0,59.0,66.0,184.0,156.0,98.0,148.0,165.0,171.0,154.0,99.0,120.0,366.0,662.0,117.0,101.0,130.0,210.0,150.0,85.0,2021-09-29
3395.0,3422.0,3447.0,3420.0,3434.0,3461.0,3446.0,2668.0,363.0,205.0,155.0,147.0,133.0,169.0,149.0,129.0,148.0,99.0,93.0,107.0,212.0,310.0,128.0,78.0,2021-09-30
